Author,Comment,Clean_Comment
@violettewautier,️,
@diazavriza406,"Edm = udah keren banget
Gamelan = lebih dari kata keren

Edm + Gamelan = auto Kesurupan Njir",edm udah keren banget gamelan lebih dari kata keren edm gamelan auto kesurupan njir
@777_chanel,"Sinden : mas pengen nyinden tapi karo party
WG : yoo gass",sinden mas pengen nyinden tapi karo party wg yoo gass
@NanyaElite,"Anyone here in July, 2025?",anyone here in july
@milaamylia2039,Sept. 2025... Anyone?,sept anyone
@chlaur3072,"If you guys ever collabed with stray kids that would be INSANEEEE, like the music styles fit sooo well",if you guys ever collabed with stray kids that would be insaneeee like the music styles fit sooo well
@clarity5703,"It was a hit last year, glad Chan bring me back to this song",it was a hit last year glad chan bring me back to this song
@amalia3710,"It’s my first time hearing this song on Chan’s live, thank you Channie, i already love this song so much",its my first time hearing this song on chans live thank you channie i already love this song so much
@bigmovie4584,Yang dengerin di th 2025 hadir,yang dengerin di th hadir
@divogalindra9821,"The first time I heard this song on Tiktok I thought it was a western song combined with Indonesia’s traditional instrument but damn I was wrong! Found out its Indonesian artist, epic!",the first time i heard this song on tiktok i thought it was a western song combined with indonesias traditional instrument but damn i was wrong found out its indonesian artist epic
@penikmatmusik3259,"Wajarlah lagu ini mendunia karna lirikny kren bnget bhsa inggris dan jawa..
Di tambah musikny mewah dan megah..",wajarlah lagu ini mendunia karna lirikny kren bnget bhsa inggris dan jawa di tambah musikny mewah dan megah
@jipansan8935,"""Mas aku kepingin nyinden, tapi yo karo dugem""
WG:yo.",mas aku kepingin nyinden tapi yo karo dugem wgyo
@serawajahjeleksera6082,"Mampir ke sini bln september 2025
Sumpah lagunya keren bgttttttt",mampir ke sini bln september sumpah lagunya keren bgttttttt
@aseprahmansetiadi6532,"Omg there have a lot indonesian culture


Agnez mo: left the chat with left diamond",omg there have a lot indonesian culture agnez mo left the chat with left diamond
@tomviva12,"God damn, merinding anj...


This was dope!!!",god damn merinding anj this was dope
@009chavansujatas5,I'm here after listening this on Chan's room todayy!! This song is MASTERPIECE!♡,im here after listening this on chans room todayy this song is masterpiece
@umdafulkhorioficial,"2025 september , inget covid ternyata bisa berjuang sampe sejauh ini , alhamdulilah",september inget covid ternyata bisa berjuang sampe sejauh ini alhamdulilah
@kinasa5679,01:12 HOLY S*** OUT OF THIS WORLD,holy s out of this world
@jemiafriwan4100,"Sara fajira: Mas aku pengen nyinden. Tapi seng karo dugeman, gledek e ojo lali mas
Weird genius: Yo!",sara fajira mas aku pengen nyinden tapi seng karo dugeman gledek e ojo lali mas weird genius yo
@ayya_twv9983,"Kesini lagi setelah reaction bang chan yang dimana, dia pertama kali nge react sampe di setel sampe akhir dan di ulang. Jujur dr awal ini lagu muncul emang the best sih lagunya, apalagi di campurkan dengan musik tradisional. Aku berharap kawan2 Weird Genius membuat music semacam ini lagi.",kesini lagi setelah reaction bang chan yang dimana dia pertama kali nge react sampe di setel sampe akhir dan di ulang jujur dr awal ini lagu muncul emang the best sih lagunya apalagi di campurkan dengan musik tradisional aku berharap kawan weird genius membuat music semacam ini lagi
@Hanggar-tp5wv,"dan yap, 5 tahun berlalu....",dan yap tahun berlalu
@oyonkhab5792,"Go #TRENDING !!!!
Proccess 20M viewers go go #LATHI INDONESIA POWER !!! YOU CAN DO IT",go trending proccess m viewers go go lathi indonesia power you can do it
@rizkiandini2200,"heard this song from tiktok, i thought it was a song from westerners and fan from Indonesia mixed that song. ternyata wow saya merinding ternyata it actually MADE FROM INDONESIA",heard this song from tiktok i thought it was a song from westerners and fan from indonesia mixed that song ternyata wow saya merinding ternyata it actually made from indonesia
@sakina5052,INDONESIAN DJ IS ON ANOTHER LEVEL RIGHT NOW OMG  I LIKE THIS SONG SM,indonesian dj is on another level right now omg i like this song sama
@rikadamayanti7735,Haven't see in few month and Wauuuw 158 already?,havent see in few month and wauuuw already
@alexanderluka4258,"As an indonesian i am trully proud
This song is completely epic",as an indonesian i am trully proud this song is completely epic
@andrywbw2362,Absen yang hadir di 2024 siapa aja nih,absen yang hadir di siapa saja nih
@idkholussurur1749,Eh anjirr SUMPAH DEMI ALLAH Keren Banget dah.. Biasanya di TikTok Cuman Tauku sepenggalan aja Yg Bagian arasnsemen jawa.. ini Kali pertama Tau Versi full Nya,eh anjirr sumpah demi allah keren banget dah biasanya di tiktok cuman tauku sepenggalan saja yang bagian arasnsemen jawa ini kali pertama tau versi full nya
@ferryirfan7121,Gila udah 4 tahun? Tapi tetep bagus banget,gila udah tahun tapi tetep bagus banget
@mousselmistelfeld4683,"Me: this music is very good
Me: looking for English comments

Me thinking rn: Indonesian people certainly know how to appreciate their art, 90% comments are Indonesian",me this music is very good me looking for english comments me thinking rn indonesian people certainly know how to appreciate their art comments are indonesian
@ryanmoch9163,This is culture remix,this is culture remix
@daffarizky4960,"Friend"" How many times you have been watching this?""

Me: ""Not Enough.""",friend how many times you have been watching this me not enough
@ArdiPradita,udah 5 tahun ga kerasa,udah tahun tidak kerasa
@---lv3nv,"UDAH GO INTERNASIONAL KAK?
ALLOHUMMASALLIIALAASAIDINAAMUHAMMAD",udah go internasional kak allohummasalliialaasaidinaamuhammad
@ozgirl7701,"it's really good!!! The vocals, the instrumentals, the song's production was really awesome.. Glad to have heard it first on Chan's room",its really good the vocals the instrumentals the songs production was really awesome glad to have heard it first on chans room
@PHX-Bømb,"Wayang ""Image of dominance control in toxic relationship/ Someone who controls others dominantly""
Glass eater ""Embrace your soul to resist and fight the lies or painful words""
Evil enchantress ""the darkest side that emerges from someone after getting hurts'
Kuda lumping ""an illustration of resistance""
Traditional dance ""Ilustrates the beautiful and harmonious side of the relationships, sometimes it also describes the feelings of the people involved""
Flamethrower guy ""illustrates a fiery desire to do things""
Fire eater ""symbol of courage to take all of the pains""

It's my opinion, what is yours ?",wayang image of dominance control in toxic relationship someone who controls others dominantly glass eater embrace your soul to resist and fight the lies or painful words evil enchantress the darkest side that emerges from someone after getting hurts kuda lumping an illustration of resistance traditional dance ilustrates the beautiful and harmonious side of the relationships sometimes it also describes the feelings of the people involved flamethrower guy illustrates a fiery desire to do things fire eater symbol of courage to take all of the pains its my opinion what is yours
@ElisNingsih-um6ni,lagu ini tentang seseorang yang berambisi untuk sukses megapai cita2 krn hinaan cacian dan direndahkan mbuatnya bangkit dan ingin membuktikan bahwa dia akan berhasil,lagu ini tentang seseorang yang berambisi untuk sukses megapai cita krn hinaan cacian dan direndahkan mbuatnya bangkit dan ingin membuktikan bahwa dia akan berhasil
@enigmxxa,"omg this is such a dope! wish i had found you sooner. thanking Bang Chan for bringing many of us to you, your music. love from Australia",omg this is such a dope wish i had found you sooner thanking bang chan for bringing many of us to you your music love from australia
@barbuemordez9099,"Wow no sabía que esto tenía video... Me encanta el puente ... Cada vez mas me gusta la música edm, gracias a bangchan y a STAY por ampliar mi gusto musical.",wow no saba que esto tena video me encanta el puente cada vez mas me gusta la msica edm gracias a bangchan y a stay por ampliar mi gusto musical
@baguskecil7808,"""koe Ra ISO mlayu Soko kesalahan ajineng diri Ono ing lathi "" 

Coh ngeri lurr ,.... Keren dap pokok e",koe ra iso mlayu soko kesalahan ajineng diri ono ing lathi coh ngeri lurr keren dap pokok e
@vladimirjimmy3969,OCT 2025,oct
@xii.ips.2.06fajardwiyanto3,Music ini yang sudah menyebar di Tiktok dengan versi transisi semua transitioner telat membuat dengan lagu ini termasuk aku juga.SEMANGAT!!!,music ini yang sudah menyebar di tiktok dengan versi transisi semua transitioner telat membuat dengan lagu ini termasuk aku jugasemangat
@zeshbastila0510,"really"" merinding pas part ""kowe ra iso mlayu"" gila2, truely weird and so genius for making a song, and i cant wait for next new song!! much love for this one!!!",really merinding pas part kowe ra iso mlayu gila truely weird and so genius for making a song and i cant wait for next new song much love for this one
@pejuangmalam5681,"0%      bad word
0%      nudity
5%      traditional
5%      international

100% talent
100% laga kolosal",bad word nudity traditional international talent laga kolosal
@arysidabutar,2025 masi dengar ini ngumpul,masi dengar ini ngumpul
@Alexa-dq4wz,Chan se veía muy feliz y debo decir que la canción es genial así que gracias por la gran recomendación Stay!!,chan se vea muy feliz y debo decir que la cancin es genial as que gracias por la gran recomendacin stay
@rahmanjunior4851,"Sinden : aku pengen nyinden,tapi karo dugem

WG : ?? TROBOSS AJALAH ANJGG",sinden aku pengen nyindentapi karo dugem wg troboss ajalah anjgg
@morningdew5328,"a beautiful human who trapped in toxic relationship 

WOW",a beautiful human who trapped in toxic relationship wow
@esBatu-v6w,Perasaan ini lagu baru kemarin  tulis ternyata usah 5tahun yang lalu aja ternyata waktu begitu cepat,perasaan ini lagu baru kemarin tulis ternyata usah tahun yang lalu saja ternyata waktu begitu cepat
@leuynn,"Everyone : DOPE!!
TikTok : Hippity Hoppty This Is Now My Property",everyone dope tiktok hippity hoppty this is now my property
@staychaa,"lokal rasa luar

harus go internasional sihh",lokal rasa luar harus go internasional sihh
@alexandradevi5901,"Kowe Ra iso mlayu Saka kesalahan. Ajining diri Ono neng Lathi.

Jancuk! Bangga tenan aku dadi wong jowo krungu lagu Iki",kowe ra iso mlayu saka kesalahan ajining diri ono neng lathi jancuk bangga tenan aku dadi wong jowo krungu lagu iki
@kaitokid1630,August 2025 ?,august
@talentasigiro1027,GOES TO 1MILLION LIKESSSSSS,goes to million likessssss
@JichuFanss,"Now, its 2024. Masih terngiang2 sama ni lagu kadang, bangga banget cuy indonesia punya lagu sebagus ini",now its masih terngiang sama ni lagu kadang bangga banget cuy indonesia punya lagu sebagus ini
@muhrezay,"This is masterpiece dude
As a Javanese i'm so grateful to see this
Next level of weird genius",this is masterpiece dude as a javanese im so grateful to see this next level of weird genius
@MukWongDeso,"Uda denger lagu ini sejak jaman hits dulu, ini dengerin lagi pakai TWS, baru sadar lagu ini masterpiece beneran",uda denger lagu ini sejak jaman hits dulu ini dengerin lagi pakai tws baru sadar lagu ini masterpiece beneran
@haihola1458,"GILA KEREN BANGET, JARANG MUSIK INDO SE UWOW GINI dan SEPECAHHH INI

#CINTABUDAYAINDONESIA
#AYOVIRALKAN",gila keren banget jarang musik indo se uwow gini dan sepecahhh ini cintabudayaindonesia ayoviralkan
@nicoleurtal7028,I'm from Philippines at first I heard this song on tiktok I was so shock like this song is nice so I search it in yt and yeah I was so shock on the mv so fucking niceeeeee I love it,im from philippines at first i heard this song on tiktok i was so shock like this song is nice so i search it in yt and yeah i was so shock on the mv so fucking niceeeeee i love it
@adristinka,"seriously, this song deserves more viewers omg! CAUSE THIS SONG IS MASTERPIECE.  PERIODT.",seriously this song deserves more viewers omg cause this song is masterpiece periodt
@putrinuramalia8464,lagu ini mengingatkan ketika sedang lockdown masa masa covid ..,lagu ini mengingatkan ketika sedang lockdown masa masa covid
@chefjahat3765,"This is what i call 3 in 1. 
ART
CULTURE
MUSIC.",this is what i call in art culture music
@badex2110,"epic song exist

TikTok : ""it's free real estate""",epic song exist tiktok its free real estate
@Hlsakti,"As an Indonesian, I am very proud of this song. Combining EDM culture with thick Javanese elements makes listeners shudder (even though I'm Sundanese). Congratulations weird genius, you vibrate the world of Indonesian music!
We are all waiting for your works with other local cultural combinations",as an indonesian i am very proud of this song combining edm culture with thick javanese elements makes listeners shudder even though im sundanese congratulations weird genius you vibrate the world of indonesian music we are all waiting for your works with other local cultural combinations
@anindiaputrihardini8109,cung yang masih suka bolak balik tiap tahun?,cung yang masih suka bolak balik tiap tahun
@laluluhurariestawijaya5550,"Suicide Squad : We have the best witch (Enchantress).
Weird Genius : Hold my beer.

This is Indonesian next level Enchantress yo.",suicide squad we have the best witch enchantress weird genius hold my beer this is indonesian next level enchantress yo
@bloodylilyy1846,Not just a name. You're literally a weired genius.,not just a name youre literally a weired genius
@daristaufik9700,Produk Asli INDONESIA yg dulu sempat Mendunia lagu ini,produk asli indonesia yang dulu sempat mendunia lagu ini
@aidahrestiaprilia1373,it's a cool blending of Java culture and Western,its a cool blending of java culture and western
@haninabilah4614,Srsly this song need to go further the way she kept Indonesian culture amazed me. Dope asf I would literally suggest this to my Malaysian friends. Love fr Malaysia️,srsly this song need to go further the way she kept indonesian culture amazed me dope asf i would literally suggest this to my malaysian friends love fr malaysia
@yutakalatifah1039,tahu lagu keren ini malah dari anak 9th alias anaku...kaget selera dia keren jg dan makna lagu ini luar biasa dng perpaduan musik yang amazing. Teruslah berkarya...gas,tahu lagu keren ini malah dari anak th alias anakukaget selera dia keren jg dan makna lagu ini luar biasa dng perpaduan musik yang amazing teruslah berkaryagas
@restearubyz,I'm here because it's chan's room and wow it's so good that I play it over and over again the song still gives me goosebumps,im here because its chans room and wow its so good that i play it over and over again the song still gives me goosebumps
@defriosaka1651,"Editor: So how many thunders do you want?
Weird Genius: Yes",editor so how many thunders do you want weird genius yes
@lutfiyara5188,"Mbak sinden : pengen party karo nyinden
WG : nyoh",mbak sinden pengen party karo nyinden wg nyoh
@zakirComment,Ex Limkokwing student from bangladesh 🇧🇩,ex limkokwing student from bangladesh
@yeebee2016,"""Sara Fajira goes famous""


88Rising : we'll take her thanks",sara fajira goes famous rising well take her thanks
@aidenray2458,"Anjir efek pas darkside nya itu loh astagah, udah make up ala Ahmanet, aura hitam kayak kemunculan Enchantress, lightning rage Mode nya Thor.  Gila suka bngt",anjir efek pas darkside nya itu loh astagah udah make up ala ahmanet aura hitam kayak kemunculan enchantress lightning rage mode nya thor gila suka banget
@jasslyndrw1009,"this song is really amazing and i'm also proud to be an indonesian stay, thank you chan and stays",this song is really amazing and im also proud to be an indonesian stay thank you chan and stays
@showUtheW4Y,Suatu hari dimana covid dimana mana belajar dirumah cuma scroll tiktok seharian,suatu hari dimana covid dimana mana belajar dirumah cuma scroll tiktok seharian
@mursalinashari7387,Asli Keren...merinding gue seriusan... pas sara fajira jatoh merinding gua gk abis2....seriusan suka pake banget banget...next level indonesian music bgt ini...,asli kerenmerinding gue seriusan pas sara fajira jatoh merinding gua tidak abisseriusan suka pake banget bangetnext level indonesian music banget ini
@tortugastore6004,"EDM = dancing
GAMELAN = also dancing
EDM X GAMELAN = the CONJURING 4",edm dancing gamelan also dancing edm x gamelan the conjuring
@yheefira,Gak kerasa udah 2023 lagu ini masih  terngiang di kepala.. Bangga banget setelah tau ini lagu Indonesia.. respect kepada tim weird jenius,gak kerasa udah lagu ini masih terngiang di kepala bangga banget setelah tau ini lagu indonesia respect kepada tim weird jenius
@alimasyhar6419,"Lagu ini mengingatkanku saat PSBB, PPKM, PCR, Lockdown, Social Distancing yang semua amit² jangan sampe keulang lagi",lagu ini mengingatkanku saat psbb ppkm pcr lockdown social distancing yang semua amit jangan sampe keulang lagi
@reus-id4010,"I was born a fool
Broken all the rules, ooh
Seeing all null
Denying all of the truth, ooh

Everything has changed
It all happened for a reason
Down from the first stage
It isn't something we fought for
Never wanted this kind of pain
Turned myself so cold and heartless
But one thing you should know

(Kowe ra iso mlayu saka kesalahan
Ajining diri ana ing lathi)

Pushing through the countless pain
And all I know that this love's a bless and curse

Everything has changed
It all happened for a reason
Down from the first stage
It isn't something we fought for
Never wanted this kind of pain
Turned myself so cold and heartless
But one thing you should know

(Kowe ra iso mlayu saka kesalahan
Ajining diri ana ing lathi)",i was born a fool broken all the rules ooh seeing all null denying all of the truth ooh everything has changed it all happened for a reason down from the first stage it isnt something we fought for never wanted this kind of pain turned myself so cold and heartless but one thing you should know kowe ra iso mlayu saka kesalahan ajining diri ana ing lathi pushing through the countless pain and all i know that this loves a bless and curse everything has changed it all happened for a reason down from the first stage it isnt something we fought for never wanted this kind of pain turned myself so cold and heartless but one thing you should know kowe ra iso mlayu saka kesalahan ajining diri ana ing lathi
@rassya2056,"HUSH HUSH JANGAN DISINI
GO INTERNASIONAL AJA",hush hush jangan disini go internasional saja
@aninolate,"They are truly a genius... How they choose ""kuda lumping"" here, it show how toxic relationship really is. In ""kuda lumping"" there is an act of eating lamp and glass, but they don't feel the pain, just like people in toxic relationship, they hurt themselves but can't feel it. 

The music , song and her voice blend perfectly... 
I play it over and over again

Great job!!!!",they are truly a genius how they choose kuda lumping here it show how toxic relationship really is in kuda lumping there is an act of eating lamp and glass but they dont feel the pain just like people in toxic relationship they hurt themselves but cant feel it the music song and her voice blend perfectly i play it over and over again great job
@padlizilikram1186,"3,7jt like ( terbanyak di Indonesia )",jt like terbanyak di indonesia
@winateguh,"Weird Genius, they’re deserve world attention",weird genius theyre deserve world attention
@waliyyimafaza4086,Damn! The Javanese part always giving me goosebumps!,damn the javanese part always giving me goosebumps
@minyoonyoona9594,"Lathi emang seenak itu,suka banget,kesini lagi gara-gara chans room. Emang udah suka dari dulu,musiknya keren,yahhhh bener-bener cerdas yang bikin lagu dan musiknya,terima kasih",lathi emang seenak itusuka bangetkesini lagi garagara chans room emang udah suka dari dulumusiknya kerenyahhhh benerbener cerdas yang bikin lagu dan musiknyaterima kasih
@Yessisuswantoro1116,Rabu 1 oktober 2025 Here,rabu oktober here
@obloproject7477,"Yang merinding entah karena bangga dan tak bisa berkata apa2..
Like sini..
Kita Trending kan semoga tembus 100 juta tayang..",yang merinding entah karena bangga dan tak bisa berkata apa like sini kita trending kan semoga tembus juta tayang
@azzamzhafiraulia5459,That’s why I like WG. They can combine our traditional music instruments with our new culture. Well played!!!,thats why i like wg they can combine our traditional music instruments with our new culture well played
@hlove3000,"Omg amazing song. Goo 100M views
I'm From South Korea 🇰🇷",omg amazing song goo m views im from south korea
@wieow262,"""Ajining diri ono ing ati""

 when changed into English it becomes like this=
self-esteem lies in the tongue (ethics in speaking)",ajining diri ono ing ati when changed into english it becomes like this selfesteem lies in the tongue ethics in speaking
@fariedfinan3003,Really...i got goosebumped when she's singing into javanese language....i'm not kidding this is a such beautiful song....really good song.....let's go out....LET'S GO INTERNASIONAL,reallyi got goosebumped when shes singing into javanese languageim not kidding this is a such beautiful songreally good songlets go outlets go internasional
@yogganugraha5746,Official song FIFA WORLD CUP INDONESIA U-21  LATHI,official song fifa world cup indonesia u lathi
@nadiawinters7804,"Java translate:
U CAN'T RUN FROM MISTAKES,SOMEONE'S PRIDE IS ON HIS TONGUE(HIS WORDS)",java translate u cant run from mistakessomeones pride is on his tonguehis words
@muliatiabdullah9106,KEREN....pokoke AMAZING TALENT,kerenpokoke amazing talent
@ismirahmahandayati8491,aih seneng banget krn mayan banyak inter stay yg liat budaya indonesia disajikan sebagus ini…,aih seneng banget krn mayan banyak inter stay yang liat budaya indonesia disajikan sebagus ini
@ico9005,"""You can not run away from mistakes. Self-esteem is in the way of speech.""",you can not run away from mistakes selfesteem is in the way of speech
@8BitExe_,"Eka Gustiwana : ""I produce this music not for tik tok kids""
Btw Nice CGI effect",eka gustiwana i produce this music not for tik tok kids btw nice cgi effect
@sitipatimah8586,"Tau video ini september 2025, ya ampun kemana aja gue",tau video ini september ya ampun kemana saja gue
@parkdeeto8632,"1 bulan tembus 19 jt viewers dan 1,3 jt likes,....


Gas terus smpe 100 jt viewers....",bulan tembus jt viewers dan jt likes gas terus smpe jt viewers
@asepcool8835,"SELAMAT!!!
akhirnya 100juta views sebelum akhir bulan Desember 2020",selamat akhirnya juta views sebelum akhir bulan desember
@jayridwansyah,ORA WG ORA PARTY,ora wg ora party
@RudiHartono-td7vu,lagunya bagus gabungan jawa dan ingris,lagunya bagus gabungan jawa dan ingris
@minhee3142,Imagine how amazing the stage is if this song get to be performed on MAMA 2020,imagine how amazing the stage is if this song get to be performed on mama
@wonggagahchannel4957,The Best ever Indonesian tradition concept with modern genre .,the best ever indonesian tradition concept with modern genre
@kartikanadya8266,"the song, the music, the atmosphere, the mv, the dancer, the way you potrayed indonesian culture is so awesome!! i had shiver while listening to this!! and i like the story. i guess it's about toxic relationship, am i wrong?? if so, thank you for bringing out this topic!!! waiting for your another art",the song the music the atmosphere the mv the dancer the way you potrayed indonesian culture is so awesome i had shiver while listening to this and i like the story i guess its about toxic relationship am i wrong if so thank you for bringing out this topic waiting for your another art
@mofimo1536,150 million views. Let's make it more,million views lets make it more
@fajarcdt254,"Wajibb trendingg oyyy, ""NO WG NO PARTY"" !!!!",wajibb trendingg oyyy no wg no party
@maryannelee3263,This song should win Best Asian Artist for MAMA 2020 I really hope for it.,this song should win best asian artist for mama i really hope for it
@ythr5654,"ANJIRR MERINDING SUMPAHH!!!! 
KEREN BANGET !!!",anjirr merinding sumpahh keren banget
@putriayuni-f7w,1 Agustus 2025 hadir,agustus hadir
@peoplesans1493,"Never wanted this kind of pain, Turned myself so cold and heartless


Lirik yg sangat tajam",never wanted this kind of pain turned myself so cold and heartless lirik yang sangat tajam
@yunuspanjaitan2938,"SELAMAT WG 1 JUTA LIKE
SO AMAZING BROTHER
SUCCES YOU AND TEAM!!",selamat wg juta like so amazing brother succes you and team
@renoabineri9286,She's like enchantress from the another universe,shes like enchantress from the another universe
@justliz-88,Decided to dance to this song after a long time thinking about this and it was great to get my anger out,decided to dance to this song after a long time thinking about this and it was great to get my anger out
@RyanYorkieJr,"LOVE THE LYRICS, LOVE THE MUSIC, LOVE THE CONCEPT, LOVE THE INDONESIAN CULTURE... This song is done perfectly!!! Good job Indonesia!!",love the lyrics love the music love the concept love the indonesian culture this song is done perfectly good job indonesia
@rumahcewekcantik,"gw kira 𝗗 𝗘 𝗪𝗔 𝘿 𝙊𝙍 𝘼 gak ada lawan, RUPANYA beneren tidak ada lawan. jepe terus di kasih",gw kira gak ada lawan rupanya beneren tidak ada lawan jepe terus di kasih
@LATURNIP,"100jt views hadiah terbesar untuk Indonesia di penghujung tahun 2020
Good luck WG
Thankyou so much udah mengharumkan Indonesia di Music International",jt views hadiah terbesar untuk indonesia di penghujung tahun good luck wg thankyou so much udah mengharumkan indonesia di music international
@evlynn_cu,lagu kesukaan gw duluuuu,lagu kesukaan gw duluuuu
@gapane88,"""MASTERPIECE""
""GO INTERNASIONAL""
""KERENNN""
hanya tiga kata itu yang bisa di ungkapin""",masterpiece go internasional kerennn hanya tiga kata itu yang bisa di ungkapin
@adfishftnaaa6361,"My FAVORITE song, a song that is a mix of modern and especially Javanese culture, a very beautiful combination that symbolizes courage that remains noble. Loveeee yooo🇲🇨",my favorite song a song that is a mix of modern and especially javanese culture a very beautiful combination that symbolizes courage that remains noble loveeee yooo
@wulanyamari6591,"Bagus Plus Keren, semoga karya seni kalian semakin BERKIBAR ke seluruh dunia. 

*Agnez Mo, Anggun C Sasmi,kalian nontonlah ini sebentar saja,

*Mas Alan Walker lirik-lirik sedikit lah ke mari nyimak bentaran lagu Weird Genius

Siapa tau kalian mau berkolaborasi bikin album musik dengan Weird Genius️",bagus plus keren semoga karya seni kalian semakin berkibar ke seluruh dunia agnez mo anggun c sasmikalian nontonlah ini sebentar saja mas alan walker liriklirik sedikit lah ke mari nyimak bentaran lagu weird genius siapa tau kalian mau berkolaborasi bikin album musik dengan weird genius
@LangprayOfficial,"INDONESIA BANGGA PUNYA ""WG"" 

Dari Segi Konsep nya udah gilaaaaa, keren banget anjir, apalagi bawa unsur kebudayaan. sekali lagi KEREN buat semua yang terlibat dalam project ini.",indonesia bangga punya wg dari segi konsep nya udah gilaaaaa keren banget anjir apalagi bawa unsur kebudayaan sekali lagi keren buat semua yang terlibat dalam project ini
@ririnpsptasri4966,this music video should go into trending. why tf they so underrated even in their own country. they deserve better than this!,this music video should go into trending why tf they so underrated even in their own country they deserve better than this
@didincahyoofficial5035,Indonesian have musical talents from various cultures',indonesian have musical talents from various cultures
@ironicscrap,Gaes gimana editan parody gw:p,gaes gimana editan parody gwp
@justnobody9101,"Whoever produce this music, they are in a GREAT TEAM.",whoever produce this music they are in a great team
@AndiMauludy,Vibes ramadhan 2020 #dirumahaja #psbb,vibes ramadhan dirumahaja psbb
@ellnino9617,"If this song compete in Eurovision Song Contest, there's a big chance they will win at the contest..

This song is a masterpiece!",if this song compete in eurovision song contest theres a big chance they will win at the contest this song is a masterpiece
@sihambh4435,"Oh my god the production is insane the vocals, the visuals everything's amazing I'm glad I discovered this song from Chan's room",oh my god the production is insane the vocals the visuals everythings amazing im glad i discovered this song from chans room
@richardjames2339,"Wowww.. This is what called as Masterpiece. The music, the lyrics, the vocals, those feelings when that traditional music played is Amazing. Wonderful job.",wo this is what called as masterpiece the music the lyrics the vocals those feelings when that traditional music played is amazing wonderful job
@G0BLOCK1,"Song lyrics
I was born a fool
Broken all the rules,
Seeing all nul,
Deying all of the truth,
Everything has changed,
It all happened for a reason,
Down from the first stage,,
It isn't for something we fought for,
Never wanted this kind of pain,
Turn my self so cold and heartless,
But one this you should know;
:Java: Kowe Ra ISO 'mlayu 
Saka (Soko) kesalahan,
Ajining Riri ana(Ono)
Ing LATHI
:English:pushing through the,
Countless pain, and
All i know that this love's a bless
And curse everything has changed,
It all happened for a reason,
Down from the first stage
It isn't something we fought for,
Never wanted this kind of pain,
Turned myself so cold and heartless,
But one thing you should know;!
:Java: Kowe Ra ISO 'mlayu,
Saka (Soko) kesalahan,
Ajining diri ana (Ono) 
Ing LATHI♪

Lasttt",song lyrics i was born a fool broken all the rules seeing all nul deying all of the truth everything has changed it all happened for a reason down from the first stage it isnt for something we fought for never wanted this kind of pain turn my self so cold and heartless but one this you should know java kowe ra iso mlayu saka soko kesalahan ajining riri anaono ing lathi englishpushing through the countless pain and all i know that this loves a bless and curse everything has changed it all happened for a reason down from the first stage it isnt something we fought for never wanted this kind of pain turned myself so cold and heartless but one thing you should know java kowe ra iso mlayu saka soko kesalahan ajining diri ana ono ing lathi lasttt
@fajrikurniawan8976,"if it's like this you have to go internasional introduce indonesian culture, this is the next level music indonesia. WE PROUD OF YOU!!!",if its like this you have to go internasional introduce indonesian culture this is the next level music indonesia we proud of you
@randytriedop.1681,"The javanese enchantress, do i wrong if i have this opinion? The way ya compose the song so much great. Thumbs up...",the javanese enchantress do i wrong if i have this opinion the way ya compose the song so much great thumbs up
@abdansyukur9290,Suka bangett perpaduan jawa sama inggrisnyaa gilaaa baguss bgt asli merindirngg,suka bangett perpaduan jawa sama inggrisnyaa gilaaa baguss banget asli merindirngg
@risnadamayanti28,"Selalu Merinding pas edm gamelan, keren",selalu merinding pas edm gamelan keren
@zaxep,tak berasa umur saya dah tambah 5 tahun,tak berasa umur saya dah tambah tahun
@apriliadeby,SUMPAH SIH INI KEREN BANGET ANJIRRRRRRRR AH,sumpah sih ini keren banget anjirrrrrrrr ah
@gubby_officilal,"Anjeun Rama sawarga Lumpat ti Kasalahan kuring dina ngalakukeun bela diri Di lathi

Versi sundanya ges",anjeun rama sawarga lumpat ti kasalahan kuring dina ngalakukeun bela diri di lathi versi sundanya ges
@evelynearhiandi3947,"Gua like²in semua komen yg gua liat biar trending,gila sih keren bgt",gua likein semua komen yang gua liat biar trendinggila sih keren banget
@HilalNurfadilah,This is next level local pride🇮🇩,this is next level local pride
@putunovi1300,"Me: How to stop listening? 

Lathi : you have no way out brooooooh",me how to stop listening lathi you have no way out brooooooh
@mega.raharjo,1 oktober 2025 hadir,oktober hadir
@blackpanther4139,"Ziggi zagga : *look i am a masterpiece 
WG : hold my wayang..",ziggi zagga look i am a masterpiece wg hold my wayang
@HajarInfo,"Sinden : ""Mas aku pengen nyinden pake party.""
WG : ""Gass. Loss ga pake lama.""",sinden mas aku pengen nyinden pake party wg gass loss tidak pake lama
@hermadiny4563,wow  the universe should know this masterpiece exists,wow the universe should know this masterpiece exists
@tuturirayiugihayati7632,"Udah dengerin berkali² tetep aja merinding

Piye ngene iki?? Jan apike",udah dengerin berkali tetep saja merinding piye ngene iki jan apike
@dimasrhamandhaprhathama3242,"SUMPAH BERKUALITAS DONG....
And i just say THIS IS INDONESIAN STYLE.....!!!!!",sumpah berkualitas dong and i just say this is indonesian style
@chic1tooo923,am I the only one who get goosebump every time the song is drop ?! Like wtf? this song is so fckn great !!,am i the only one who get goosebump every time the song is drop like wtf this song is so fckn great
@WLAZHE,"well guys actuallyyy this music video has been on top of my list but i didn't open it. Cuz i dont know who is it(group or single). And every single i watched some video and there's always been""kak react lathi dong react lathi dong"" and i was like who is it? Cuz i never heard that name. And today i saw a video and i read it again ""lathi dong kak react lathi"" and i feel okay i should find it. AND NOW THIS IS THE TIMEEEEEEEEEE WAWWWWW even i dont understand what is song about i feel amazed cuz there's indonesian culture ( jaipong tune?) if im not mistaken. As an indonesian and half javenese from my mom im so proudddd even i dont know who is weird genius or wg but again you guys are rock! Nailed it!!! Trendingkan gaesssss tembus 10jt🇮🇩🇮🇩🇮🇩🇮🇩🇮🇩",well guys actuallyyy this music video has been on top of my list but i didnt open it cuz i dont know who is itgroup or single and every single i watched some video and theres always beenkak react lathi dong react lathi dong and i was like who is it cuz i never heard that name and today i saw a video and i read it again lathi dong kak react lathi and i feel okay i should find it and now this is the timeeeeeeeeee wa even i dont understand what is song about i feel amazed cuz theres indonesian culture jaipong tune if im not mistaken as an indonesian and half javenese from my mom im so proudddd even i dont know who is weird genius or wg but again you guys are rock nailed it trendingkan gaesssss tembus jt
@farahidris5808,THIS MUSIC DESERVE MOREEEEE,this music deserve moreeeee
@hildaindria4859,Jd teringat wkt covid,jd teringat wkt covid
@mfr0162,"Can we all Imagine if this song is the Official Theme Song for any International Events that held in Indonesia? I mean, i imagine if Miss Universe held in indonesia",can we all imagine if this song is the official theme song for any international events that held in indonesia i mean i imagine if miss universe held in indonesia
@mnfa8562,"sinden : mas aku pengen nyinden
tapi karo party
mas : wes",sinden mas aku pengen nyinden tapi karo party mas wes
@arf_gsx_q1021,"Ko, Gw Merinding Ya Dengerin musik Nya 


Tapi ini mah keren abisss budayakan Indonesia ta, di sangka mengejutkan",ko gw merinding ya dengerin musik nya tapi ini mah keren abisss budayakan indonesia ta di sangka mengejutkan
@ApriantoDeki-s3k,"Udah 5 tahun, tapi tampil lagi di beranda",udah tahun tapi tampil lagi di beranda
@vandoovy,3 months later  Weird Genius collab with Alan Walker in tomorrowland,months later weird genius collab with alan walker in tomorrowland
@mellsssssss-n9k,The first i heard this song from my student when she did the tiktok editing i thought this was a western song but wow when i look for it on youtube its from my own country such an awesome song. I’ve fallen in love with this song and also the MV,the first i heard this song from my student when she did the tiktok editing i thought this was a western song but wow when i look for it on youtube its from my own country such an awesome song ive fallen in love with this song and also the mv
@barbuemordez9099,Me  gusta mucho el tono vocal de la chica!!,me gusta mucho el tono vocal de la chica
@QiZYY-78,"i think this song was from international artist.. omg this from indonesian industry , so talented .. good jobs.. hopefully u will be the top one on international industry one day.. may god blessed u.. 

salam from malaysian",i think this song was from international artist omg this from indonesian industry so talented good jobs hopefully u will be the top one on international industry one day may god blessed u salam from malaysian
@joshhvr,"Kok W Merinding Ya Denger Lagunya🇮🇩
Pokoknya Budaya Indonesia The Best Lah🇮🇩
We Should Proud Be Indonesia People🇮🇩",kok w merinding ya denger lagunya pokoknya budaya indonesia the best lah we should proud be indonesia people
@allisadzakwan5332,this is MASTERPIECE!!! CANT GET RID OF THE GOOSEBUMPS,this is masterpiece cant get rid of the goosebumps
@nienaarifin9575,Kesenian daerah ku jaranan kesenian nasional wayang,kesenian daerah ku jaranan kesenian nasional wayang
@w_aww_awww,"This is a good song!

Unpopular opinion; 2:21-2:26 avatar aang and fire lord ozai battle scene mode on


Edited: thanks for the likes!",this is a good song unpopular opinion avatar aang and fire lord ozai battle scene mode on edited thanks for the likes
@suryaadip1004,"Salut,
Keren banget garapannya,


Diulang - ulang belum bosen eh",salut keren banget garapannya diulang ulang belum bosen eh
@dikicandra4021,Indonesia pride,indonesia pride
@muhammadikbbar1075,Gila sih 5 tahun sudah dan di 2025 ini gapernah bosen buat denger dan nonton video nya,gila sih tahun sudah dan di ini gapernah bosen buat denger dan nonton video nya
@SwaritSohaard,This song is Awesome . This is one powerful song . I love this a lot . Indonesian music at its very best . Huge respect from India 🇮🇳,this song is awesome this is one powerful song i love this a lot indonesian music at its very best huge respect from india
@yellowd3035,"I think it is just remix that someone made when i heard in tik tok. Wow this song beautiful, especially the chorus! Can't wait another song",i think it is just remix that someone made when i heard in tik tok wow this song beautiful especially the chorus cant wait another song
@ILYTH23,"Im a Mexican American, I stumbled upon this song from an indonesian makeup artist on tiktok. and I am obsessed with this song!!",im a mexican american i stumbled upon this song from an indonesian makeup artist on tiktok and i am obsessed with this song
@islam_back108,"I was born a fool, 
Broken all the rules, 
(Ohh) 
Seeing all null, 
Denying all for the Truth, 
(Ohh) 
Everything has changed, 
It all happened for a reason, 
Down from the first stage, 
It Isn't for something we founght for, 
Never wanted this kind of pain, 
Turn myself so cold and heartless, 
But one thing you should know;

0:56 
Star part

Kowe ra iso 'mlayu
Saka (soko) kesalahan, 
Ajining diri ana (ono) 
Ing LATHI! 

Pushing through the, 
Countless pain, and 
All i know that this love's a bless and curse
Everything has changed, 
It all happened for a reason, 
Down from the first stage, 
It isn't something we fought for, never wanted this kind of pain,  turned myself so cold and heartless but one thing you should know;

2:16  
Star part 2

Kowe ra iso 'mlayu
Saka (soko)  kesalahan, 
Ajining diri ana (ono) 
Ing LATHI!  


END

Edit: pin me?",i was born a fool broken all the rules ohh seeing all null denying all for the truth ohh everything has changed it all happened for a reason down from the first stage it isnt for something we founght for never wanted this kind of pain turn myself so cold and heartless but one thing you should know star part kowe ra iso mlayu saka soko kesalahan ajining diri ana ono ing lathi pushing through the countless pain and all i know that this loves a bless and curse everything has changed it all happened for a reason down from the first stage it isnt something we fought for never wanted this kind of pain turned myself so cold and heartless but one thing you should know star part kowe ra iso mlayu saka soko kesalahan ajining diri ana ono ing lathi end edit pin me
@muhammadhendri4263,"Musicnya kurang ahhh



Kurang lama",musicnya kurang ahhh kurang lama
@sugiantogunawan2123,I never like upbeat songs. But I do with this one. Salute!,i never like upbeat songs but i do with this one salute
@mc.udaloli6453,"YA ALLAH TO BE HONEST, IM CRYING TO HEAR, AND WATCHED THIS VIDEO ALSO THE ACTOR INSIDE ! , YOU KNOW WHAT ? YOU HAVE MAKE INDONESIA PROUD WITH THIS, I HOPE YOU CAN GO INTERNATIONAL AND ALWAYS BRINGING THE SONG SUCH AS THIS , WHICH IS CONTAIN OF INDONESIA CULTURE INSIDE  :)",ya allah to be honest im crying to hear and watched this video also the actor inside you know what you have make indonesia proud with this i hope you can go international and always bringing the song such as this which is contain of indonesia culture inside
@PutoriHasibuan,Judul lagu bahasa Indonesia nya like 1 dong: Saya terlahir sebagai orang bodoh melanggar semua aturan melihat semua nol menyangkal semua kebenaran semuanya telah berubah semuanya terjadi karena alasan sejak tahap pertama itu bukan untuk sesuatu yang kita perjuangkan tidak pernah ingin rasa sakit semacam ini membuat diri saya begitu dingin dan tidak berperasaan tetapi satu hal yang harus Anda ketahui Anda tidak dapat melarikan diri dari kesalahan Anda kesalahan melakukan harga diri terletak di lidah (kata-kata) mendorong melalui rasa sakit yang tak terhitung jumlahnya dan semua yang saya tahu bahwa ini semua cinta adalah berkat dan kutukan telah mengubah semuanya terjadi karena suatu alasan sejak tahap pertama itu bukan sesuatu yang kita berjuang untuk tidak pernah ingin rasa sakit seperti ini membuat diri saya begitu dingin dan tidak berperasaan tetapi satu hal yang harus Anda ketahui Anda tidak bisa lari dari kesalahan Anda salah melakukan harga diri terletak di lidah (kata-kata),judul lagu bahasa indonesia nya like dong saya terlahir sebagai orang bodoh melanggar semua aturan melihat semua nol menyangkal semua kebenaran semuanya telah berubah semuanya terjadi karena alasan sejak tahap pertama itu bukan untuk sesuatu yang kita perjuangkan tidak pernah ingin rasa sakit semacam ini membuat diri saya begitu dingin dan tidak berperasaan tetapi satu hal yang harus anda ketahui anda tidak dapat melarikan diri dari kesalahan anda kesalahan melakukan harga diri terletak di lidah katakata mendorong melalui rasa sakit yang tak terhitung jumlahnya dan semua yang saya tahu bahwa ini semua cinta adalah berkat dan kutukan telah mengubah semuanya terjadi karena suatu alasan sejak tahap pertama itu bukan sesuatu yang kita berjuang untuk tidak pernah ingin rasa sakit seperti ini membuat diri saya begitu dingin dan tidak berperasaan tetapi satu hal yang harus anda ketahui anda tidak bisa lari dari kesalahan anda salah melakukan harga diri terletak di lidah katakata
@feggymelati9471,"Big thanks to Reza who suggest that Javaness lyrics in this song. It was so fckin' epic godamnit!!
Krna setau gue lirik bagian ""kowe raiso mlayu.....dst"" itu bhs inggris kan.
Gila sih ini woy lah ah menangis sambil jatuh cinta.",big thanks to reza who suggest that javaness lyrics in this song it was so fckin epic godamnit krna setau gue lirik bagian kowe raiso mlayudst itu bhs inggris kan gila sih ini woy lah ah menangis sambil jatuh cinta
@xovlovl,"Udh 100 jt aja nih,, seneng banget gw gilasihhhh karya anak bangsa,, lebih dari kata keren pokoknya,,,",sudah jt saja nih seneng banget gw gilasihhhh karya anak bangsa lebih dari kata keren pokoknya
@putriyulistiarahayu2553,"Ini Epic parah sih 

Harusnya lebih bs trending dari lagu Tiktod"" goyang mamah muda ndasmu
  --- I Love Indonesia ---",ini epic parah sih harusnya lebih bs trending dari lagu tiktod goyang mamah muda ndasmu i love indonesia
@mr.chunkie3973,"Iki sik jenenge luar biasa.
Edaaaan.
Pancen istimewa.",iki sik jenenge luar biasa edaaaan pancen istimewa
@armansubagus5347,Kalo bisa like berkali kali bakal gua like trs nih anjir,kalo bisa like berkali kali bakal gua like trs nih anjir
@bgsyogi9581,"Wow ini keren banget sih kalau Indonesia ada cara penghargaan buat musisi gitu nih harus banget masuk chart musik dan trending
Lagunya easy listening dan memadukan musik edm+Jawa(gamelan) dan music Vidio nya nggak kalah keren banget memadukan budaya jawaaaa sumpah ni harus banget di buat story' versi",wow ini keren banget sih kalau indonesia ada cara penghargaan buat musisi gitu nih harus banget masuk chart musik dan trending lagunya easy listening dan memadukan musik edmjawagamelan dan music vidio nya tidak kalah keren banget memadukan budaya jawaaaa sumpah ni harus banget di buat story versi
@vika.lelozee,You rarely get on TV? The song is great so I really want to see it on TV!,you rarely get on tv the song is great so i really want to see it on tv
@lowButHigh24,"LANJUTTT GASSS GO INTERNATIONAL

Budayakan negara sendiri bro gih sana gass to international 
The best lah buat lu bro mantapp",lanjuttt gasss go international budayakan negara sendiri bro gih sana gass to international the best lah buat lu bro mantapp
@nhojmatata8682,And this is what happens when INDONESIAN music industry took it to another level! I love it sooo damnnn muchh!!! #Salute,and this is what happens when indonesian music industry took it to another level i love it sooo damnnn muchh salute
@fadliasyrofil8056,I really appreciate this song and all crews who were involved in making this awesome song. Hope u all guys goin to international soon,i really appreciate this song and all crews who were involved in making this awesome song hope u all guys goin to international soon
@Ryūken_ish,"tiba tiba fyp, gak kerasa udah 5 tahun lalu..",tiba tiba fyp gak kerasa udah tahun lalu
@aldojoeee,Seriously I Amaze really Amaze...That Awsome and I can feel the purpose of every lyric plus Sarah U Damn it!! Ur voice when slow part touch my heart then move to java part OMG SARAH UR VOICE DAMN IT!!!,seriously i amaze really amazethat awsome and i can feel the purpose of every lyric plus sarah u damn it ur voice when slow part touch my heart then move to java part omg sarah ur voice damn it
@mej009,to be honest tiktok brought me here....,to be honest tiktok brought me here
@reksifauzi8933,A director is REZA OKTOVIAN? DAMN MAN THIS IS AMAZING,a director is reza oktovian damn man this is amazing
@nurliaShafiqah,Never forget this song,never forget this song
@oliversilver95,Can someone tell me why I’m crying? Or is it just some connection with this music,can someone tell me why im crying or is it just some connection with this music
@ranggadevio590,Kenapa ya gw klo denger ini merasa bangga yg sama like,kenapa ya gw kalau denger ini merasa bangga yang sama like
@dayangnurhima6361,"I am a Malaysian people but i love it!!  Dude u must go international level... Ahh i cannot stop heard this song  

EDIT:wahh?!Thanks for likes... I've never had so much like this",i am a malaysian people but i love it dude u must go international level ahh i cannot stop heard this song editwahhthanks for likes ive never had so much like this
@indahmr9067,here i am from 2020 into may 2025,here i am from into may
@FachurroziRozi,Istimewa,istimewa
@keirio9748,"that Javanese words gave me chills all over my body, as a Javanese i can really relate to the culture you tryna brought",that javanese words gave me chills all over my body as a javanese i can really relate to the culture you tryna brought
@Dany-ge7mh,"Efek song: Jawa
Lagu pembawa: barat 
Jadi kita tau bahwa persatuan tidak memandang negara dan kebudayaan",efek song jawa lagu pembawa barat jadi kita tau bahwa persatuan tidak memandang negara dan kebudayaan
@kennardputra1895,"""Enchantress"" dngan ke aripan lokal",enchantress dngan ke aripan lokal
@ythro5829,"tradisional or modern
WG : ""why not both?""",tradisional or modern wg why not both
@just_happy88,"Selasa,30 september .",selasa september
@yunkashrin609,"When i heard this on tiktok, i thought it was a mashup. But rather the whole song.",when i heard this on tiktok i thought it was a mashup but rather the whole song
@andodepraska,"thanks weird genius,,kalian membuat lagu perpaduan eletric dan budaya indonesia,,kejawen'y keren banget,,sukses selalu.",thanks weird geniuskalian membuat lagu perpaduan eletric dan budaya indonesiakejaweny keren bangetsukses selalu
@lolitajunistia9765,"I cant say anything ,, i really like this song",i cant say anything i really like this song
@yara_kaily,I'm remember when i'm 9 Years Old i wach this,im remember when im years old i wach this
@muhammadqodry6347,"merinding pas di bagian lirik jawa nya asli, enak di denger bgt",merinding pas di bagian lirik jawa nya asli enak di denger banget
@AriwayatBilhaq,I can’t imagine this song is coming from Indonesia if there is no Javanese lyrics. Remarkable concept of clip. It must be a lot of work.,i cant imagine this song is coming from indonesia if there is no javanese lyrics remarkable concept of clip it must be a lot of work
@alvindwiaditya6300,Banyak²in like biar trend,banyakin like biar trend
@nakbima880,sumpah lagu terbagus kedua di indonesia bagus banget,sumpah lagu terbagus kedua di indonesia bagus banget
@fadhilsaufi1519,Fuhh best weh ada jawa rhythm dalam ni. Gempak la Indonesia! Salam dari Malaysia!,fuhh best weh ada jawa rhythm dalam ni gempak la indonesia salam dari malaysia
@Kaminariiedits,"mendapatkan 1,2jt like dan dislike 7,3rb dalam 16jt view bukanlah hal yang biasa dalam video permusikan di youtube, itu angka yang sangat fantastik 
-
*edit
satu hari setelahnya komentar ini dipublish :
19jt view, 1,3jt like, 7,8 dislike, 997rb subs,",mendapatkan jt like dan dislike rb dalam jt view bukanlah hal yang biasa dalam video permusikan di youtube itu angka yang sangat fantastik edit satu hari setelahnya komentar ini dipublish jt view jt like dislike rb subs
@MrSandyster,"Lathi (Javanese) : Perkataan / Ucapan.
a person's personality is judged by his words",lathi javanese perkataan ucapan a persons personality is judged by his words
@hj.ikrimahyuliana,2025 gw masih dengerin lagu ini,gw masih dengerin lagu ini
@meivs524,Lingsir Wengi Remix Full Bass left the chat . . .,lingsir wengi remix full bass left the chat
@sarahnurzafira522,The only unacceptable thing about this song is it ends too soon,the only unacceptable thing about this song is it ends too soon
@pro.gaming5839,"KESEL BETT GUA KENAPA YANG EPIC BEGINI GA TRANDING !!!!! PADAHAL BANYAK ORG LUAR YG REACTION ...
PARAAHH BENERRR",kesel bett gua kenapa yang epic begini tidak tranding padahal banyak org luar yang reaction paraahh benerrr
@sendifebriana,Nostalgia.,nostalgia
@noeyla7814,"Me: Bolos cabut sekolah pas pelajaran


Guru BK: Koe ra iso mlayu",me bolos cabut sekolah pas pelajaran guru bk koe ra iso mlayu
@pinkgangsta6157,"EDMxGamelan ini punya potensi besar banget. Banyak musisi dunia yang belum kenal sama Gamelan lalu bertanya² ""hah ini instrument apa instrument apa ?""
Soal reaction Bangchan, dia amazed dengan bagian drop sampai diulang-ulang
""Ini drop kok bisa kayak gini ?"" 
dia paling bingung bagian itu. 

Klo Gamelan ini diangkat ke internasional keren sih",edmxgamelan ini punya potensi besar banget banyak musisi dunia yang belum kenal sama gamelan lalu bertanya hah ini instrument apa instrument apa soal reaction bangchan dia amazed dengan bagian drop sampai diulangulang ini drop kok bisa kayak gini dia paling bingung bagian itu kalau gamelan ini diangkat ke internasional keren sih
@muhammadridho6312,"Gua liat ini berulang ulang sambil ngerasain bangganya budaya Indonesia bisa dilihat di sini,
Gua jadi ngerasa bangga sendiri liatnya.
The best",gua liat ini berulang ulang sambil ngerasain bangganya budaya indonesia bisa dilihat di sini gua jadi ngerasa bangga sendiri liatnya the best
@febrisulistianagayatri8838,"Pencipta lagu, penyanyi nya, produser, dan semua yg terlibat dalam lagu ini, kalian kereeennn...
Kalian gak pantes cuma keliling indonesia, wajib go international
Trendingkan!!
Trending trending trending!!",pencipta lagu penyanyi nya produser dan semua yang terlibat dalam lagu ini kalian kereeennn kalian gak pantes cuma keliling indonesia wajib go international trendingkan trending trending trending
@ulinnafiah3160,"I was born a fool
Broken all the rules, oh-oh
Seeing all null
Denying all of the truth, oh-oh
Everything has changed
It all happened for a reason
Down from the first stage
It isn't something we fought for
Never wanted this kind of pain
Turned myself so cold and heartless
But one thing you should know
Kowe ra iso mlayu saka kesalahan
Ajining diri ana ing lathi
Pushing through the countless pain
And all I know that this love's a bless and curse
Everything has changed
It all happened for a reason
Down from the first stage
It isn't something we fought for
Never wanted this kind of pain
Turned myself so cold and heartless
But one thing you should know
Kowe ra iso mlayu saka kesalahan
Ajining diri ana ing lathi",i was born a fool broken all the rules ohoh seeing all null denying all of the truth ohoh everything has changed it all happened for a reason down from the first stage it isnt something we fought for never wanted this kind of pain turned myself so cold and heartless but one thing you should know kowe ra iso mlayu saka kesalahan ajining diri ana ing lathi pushing through the countless pain and all i know that this loves a bless and curse everything has changed it all happened for a reason down from the first stage it isnt something we fought for never wanted this kind of pain turned myself so cold and heartless but one thing you should know kowe ra iso mlayu saka kesalahan ajining diri ana ing lathi
@rezafahleviio1,"Wong jowo like' disek boss. .
!!!",wong jowo like disek boss
@SYAITANNYAHU,Oktober 2025,oktober
@goriandriyanto2269,Ayo viral kan vidio ini yg setuju like di bawah  ayoo monggo coba dong jawa,ayo viral kan vidio ini yang setuju like di bawah ayoo monggo coba dong jawa
@robertusandhika1122,THIS IS A WORLD CLASS SONG  DUDE !!,this is a world class song dude
@Catsosaurus,"Never been so proud while listening to a song, this is a masterpiece hope you guys can go international and more people recognize your music.",never been so proud while listening to a song this is a masterpiece hope you guys can go international and more people recognize your music
@kris_suka_69,"Actually Your first sentences. Became a realty in August 2025.. 

So many chaos at my country.",actually your first sentences became a realty in august so many chaos at my country
@rigamulya7735,102jt,jt
@ucudiniati3435,klo like nya bisa mencet 100 kali aku like 100 kali nih vidio,kalau like nya bisa mencet kali aku like kali nih vidio
@stevensantoso5289,"damn lathi been so famous back then but yet still played in Autralia in music""s station emang pecah lathi, love from Canberra Australia",damn lathi been so famous back then but yet still played in autralia in musics station emang pecah lathi love from canberra australia
@emmanuelbenny6791,I heard it when I'm still young and remembered my memory and the dance is cool,i heard it when im still young and remembered my memory and the dance is cool
@bujurcrewchannel114,Kayak gini gak TRENDING Indonesia aneh . Giliran Culametan Trending . Hadeuhhh,kayak gini gak trending indonesia aneh giliran culametan trending hadeuhhh
@imozzly7754,"she is good action when she take the thunder to she body.
Good job guys, we proud of you 
uppsss sorry if my english so bad",she is good action when she take the thunder to she body good job guys we proud of you uppsss sorry if my english so bad
@pandupratama_1339,1 minute of silence for all people who can't find this song,minute of silence for all people who cant find this song
@putrimaharani5942,Lagu ini spt membawa kita ke dimensi lain..dunia penuh mistik dan kt kehilangan kesadaran.wow banget,lagu ini spt membawa kita ke dimensi laindunia penuh mistik dan kt kehilangan kesadaranwow banget
@yndslv,ada yang dari 2025 dan kengen lagu ini?,ada yang dari dan kengen lagu ini
@PratiwiBangapadang,Hai aku dari masa depan tahun 2025... Inget banget yha tahun 2020 masa corona,hai aku dari masa depan tahun inget banget yha tahun masa corona
@Muayinnetherland,Saya kerja di belanda di salah satu restoran siap saji pas kita kerja tuh biasanya ada musik suatu hari saya request buat di puterin lagu ini teman² saya dari berbagai negara ga nyangka sekeren itu musik dn lagu Indonesia sampe mereka searching sendiri soal musik indo,saya kerja di belanda di salah satu restoran siap saji pas kita kerja tuh biasanya ada musik suatu hari saya request buat di puterin lagu ini teman saya dari berbagai negara tidak nyangka sekeren itu musik dn lagu indonesia sampe mereka searching sendiri soal musik indo
@AntonBandar,Aseeek..,aseeek
@mirahwulandari5052,Krenn oarah... Q kira bukan orang indonesia penyanyinya.... Baru sadar.... Ada lirik jawanya,krenn oarah q kira bukan orang indonesia penyanyinya baru sadar ada lirik jawanya
@somanitaly5922,I'm from Cambodia love this song,im from cambodia love this song
@justlockyn,"Lagu zaman covid, udah 5tahun aja",lagu zaman covid udah tahun saja
@Zaitsevka,"Wait seems i repost this before.
Everyone: find this on tiktok
Me: FIND THIS AT SPOTIFY


Oh damn my grammar is sucks",wait seems i repost this before everyone find this on tiktok me find this at spotify oh damn my grammar is sucks
@mizzanul1390,"Eh ini harus go internasional ayo trending kan gua pengen weird genius mendunia ayo trendingkan biar weird genius seperti rich brian, Stephanie putri, Niki, Agnez mo, yang udh go internasional gua salut bro tetep semangat untuk berkarya buktikan anak bangsa bisa go internasional",eh ini harus go internasional ayo trending kan gua pengen weird genius mendunia ayo trendingkan biar weird genius seperti rich brian stephanie putri niki agnez mo yang sudah go internasional gua salut bro tetep semangat untuk berkarya buktikan anak bangsa bisa go internasional
@myzy457,"edit tan ama edm anjayy, nyampe merinding gitu gua dngernya",edit tan ama edm anjayy nyampe merinding gitu gua dngernya
@iputupurnama8481,Ak Bali agm Bali ️️️️️,ak bali agm bali
@ooobzv,"I really love this song! I'm a gamer, and I can say, this kind of lyrics, tuning and everything are so eargasm for us! Just my opinion",i really love this song im a gamer and i can say this kind of lyrics tuning and everything are so eargasm for us just my opinion
@Ihduycp1825,"Just my opinion, ini salah satu lagu/MV/karya yg dikemas secara apik, yg dibuat secara ga asal asalan. Karna jujur, gua dengerin ini ga berenti berenti. Padahal gua peka banget sama suara tembang/gamelan/apalah itu disebutnya yg mana gua gasuka banget kalo udah denger suara kek gitu (karna gua emang kurang suka musik kek lingsir wengi). Alasan gua ga berenti dengerin ini mungkin karna genrenya EDM. Dan emang gabisa boong gua, ini bagus parah. 
Bahasa jawa dan bahasa inggrisnya dicampur tapi enak didenger dan ga terkesan ""MAKSA"". Pokonya bener bener bagus banget si. Top banget.
Semangat Weird Genius. Tetep bikin karya yg apik alias ga asal asalan yg cuma untuk viral gajelas kek yg udah ada di negara ini -_- wkwkwk
P.s : ini opini sendiri ya, maap kalo ada kata kata yg kurang enak dibaca",just my opinion ini salah satu lagumvkarya yang dikemas secara apik yang dibuat secara tidak asal asalan karna jujur gua dengerin ini tidak berenti berenti padahal gua peka banget sama suara tembanggamelanapalah itu disebutnya yang mana gua gasuka banget kalo udah denger suara kek gitu karna gua emang kurang suka musik kek lingsir wengi alasan gua tidak berenti dengerin ini mungkin karna genrenya edm dan emang gabisa boong gua ini bagus parah bahasa jawa dan bahasa inggrisnya dicampur tapi enak didenger dan tidak terkesan maksa pokonya bener bener bagus banget si top banget semangat weird genius tetep bikin karya yang apik alias tidak asal asalan yang cuma untuk viral gajelas kek yang udah ada di negara ini wkwkwk ps ini opini sendiri ya maap kalo ada kata kata yang kurang enak dibaca
@peleddragon8098,"Liat d fb ada yg posting lagi ini, dia pun heran kenapa lagi kayak gini gk boming di negri sendiri,.
Dan giliran gw dengerin lagunya,
Gw pun ikut heran, lagu sekeren ini ko gw malah baru denger dan kenapa gk banyak orang yg ngeshare,
 baru kali ini gw dengerin lagu sampe merinding,..

Lanjutkan karya andan, lestarikan budaya kita. 
I like your song",liat d fb ada yang posting lagi ini dia pun heran kenapa lagi kayak gini tidak boming di negri sendiri dan giliran gw dengerin lagunya gw pun ikut heran lagu sekeren ini ko gw malah baru denger dan kenapa tidak banyak orang yang ngeshare baru kali ini gw dengerin lagu sampe merinding lanjutkan karya andan lestarikan budaya kita i like your song
@rikoardian6159,"Ayok guys tembuskan 1 jt like
Karna karya sepwrti ini layak mendunia",ayok guys tembuskan jt like karna karya sepwrti ini layak mendunia
@dhaniiieey3906,"Ditonton : 16juta
Like: 1,2 juta


Yang dislike ga ada akhlak",ditonton juta like juta yang dislike tidak ada akhlak
@ginam5189,Gaada tambahan tombol like? Bagus bangett woy,gaada tambahan tombol like bagus bangett woy
@rahmanhakim958,UP TRENDING NUMBER 1,up trending number
@PutraRahman-l2u,Gw di 2025 pen nonton youtube eh ketemu sama lagu ini jadi nostalgia keren sih indonesia bisa bikin lagu bagus kayak gini sampai orang luar negeri juga reaction super GG bangga gw,gw di pen nonton youtube eh ketemu sama lagu ini jadi nostalgia keren sih indonesia bisa bikin lagu bagus kayak gini sampai orang luar negeri juga reaction super gg bangga gw
@kojekterdampar8924,2025 mampir kesini coment,mampir kesini coment
@tisnaanidia21,"Balinese done
Javanese done 

next Sundanese , im hoping ??",balinese done javanese done next sundanese im hoping
@herikurniawan2801,"25oct14..
after long time comeback here again, the geniusm of arap and eka.. #bigrespect",oct after long time comeback here again the geniusm of arap and eka bigrespect
@shevoka9092,This song makes me wanna raise the red and white flag on Himalaya mountain,this song makes me wanna raise the red and white flag on himalaya mountain
@adelaidemey4911,"This song is killed
this is in another level
proud neighbor Timor-leste🇹🇱",this song is killed this is in another level proud neighbor timorleste
@adityggataudiri672,"Reza arap, Eka , Gerald , sara and all people behind the scene..
Congrats and thanks bro for making this amazing art",reza arap eka gerald sara and all people behind the scene congrats and thanks bro for making this amazing art
@yuniwahyuni1001,gak kerasa udah 5 tahun lagu ini dan aku masih terngiang,gak kerasa udah tahun lagu ini dan aku masih terngiang
@BOCAHDUGEM,YANG MASIH DENGARIN SAMPE SEKARANG MANA NI SUARA NYA,yang masih dengarin sampe sekarang mana ni suara nya
@yosu4ditya394,Punten Jawa like,punten jawa like
@otaku_chan5575,"I came from the challenge, this is the first time I listen to an Indonesian song 
And MAN That’s dope !! The melody is always in ma head ! From Morocco 🇲🇦",i came from the challenge this is the first time i listen to an indonesian song and man thats dope the melody is always in ma head from morocco
@yokjejalan,"I was born a fool
Aku dilahirkan sebagai orang bodoh
Broken all the rules
Merusak semua aturan
Seeing all null
Karena semuanya nol
Denying all of the truth
Menyangkal semua kebenaran


Everything has changed
Semuanya telah berubah
It all happened for a reason
Itu semua terjadi karena suatu alasan
Down from the first stage
Turun dari tahap pertama
It isn’t something we fought for
Itu bukan sesuatu yang kami perjuangkan


Never wanted this kind of pain
Tak pernah menginginkan rasa sakit seperti ini
Turned myself so cold and heartless
Mengubah diriku begitu dingin dan tak berperasaan
But one thing you should know
Tapi satu hal yang harus kau ketahui


'Kowe ra iso mlayu saka kesalahan
'Kamu tidak bisa lari dari kesalahan.
Ajining diri ana ing lathi'
Harga diri seseorang ada pada lidahnya (perkataanya)'


Pushing through the countless pain
Mendorong rasa sakit yang tak terhitung jumlahnya
And all I know that this love’s a bless and curse
Dan yang kutahu bahwa cinta ini adalah berkah dan kutukan",i was born a fool aku dilahirkan sebagai orang bodoh broken all the rules merusak semua aturan seeing all null karena semuanya nol denying all of the truth menyangkal semua kebenaran everything has changed semuanya telah berubah it all happened for a reason itu semua terjadi karena suatu alasan down from the first stage turun dari tahap pertama it isnt something we fought for itu bukan sesuatu yang kami perjuangkan never wanted this kind of pain tak pernah menginginkan rasa sakit seperti ini turned myself so cold and heartless mengubah diriku begitu dingin dan tak berperasaan but one thing you should know tapi satu hal yang harus kau ketahui kowe ra iso mlayu saka kesalahan kamu tidak bisa lari dari kesalahan ajining diri ana ing lathi harga diri seseorang ada pada lidahnya perkataanya pushing through the countless pain mendorong rasa sakit yang tak terhitung jumlahnya and all i know that this loves a bless and curse dan yang kutahu bahwa cinta ini adalah berkah dan kutukan
@Ttaqin9,"Pak Soekarno tersenyum melihat ini!!!
Semangat berkarya boss",pak soekarno tersenyum melihat ini semangat berkarya boss
@denyyudanto99,Oktober 2025 are still??,oktober are still
@indahramadhina661,"pertama kali denger lagu ini tuh dikantor krn ada temen yg puterin, langsung tanya INI LAGU SIAPA KEREN BANGETTT.
Baru diawal aja udah ngerasain kek ""ini musik yg dari dulu gw pengen woyyy"" karena emg seneng banget musik tradisional dr SMA udh main cetik (alat musik tradisional lampung) pas kuliah main gamelan.
Makin ketengah"" lagu ini makin apik banget ya ampun kok bisa buat musik sebagus ini.
Gatau kenapa kek ngerasa merinding dan bangga banget gitu dengerinnya:')
HARUS GO INTERNASIONAL!!!!!!!",pertama kali denger lagu ini tuh dikantor krn ada temen yang puterin langsung tanya ini lagu siapa keren bangettt baru diawal saja udah ngerasain kek ini musik yang dari dulu gw pengen woyyy karena emg seneng banget musik tradisional dr sma sudah main cetik alat musik tradisional lampung pas kuliah main gamelan makin ketengah lagu ini makin apik banget ya ampun kok bisa buat musik sebagus ini gatau kenapa kek ngerasa merinding dan bangga banget gitu dengerinnya harus go internasional
@meezoneky,"Ga kerasa ya, 2020 sudah 1 tahun",tidak kerasa ya sudah tahun
@xuieee0,kangen lagu ini,kangen lagu ini
@rameyzan,Salah satu musik Indonesia yang keren bgt. Tanpa plagiat konsep musik luar,salah satu musik indonesia yang keren banget tanpa plagiat konsep musik luar
@muhamaddzakiakram,"WG FOR FIFA WORLD CUP U20 2021 ""OFFICIAL MUSIC ARTIST""",wg for fifa world cup u official music artist
@alehartzler2027,"""Lathi"" Musik yg bergenre EDM pertama dari Indonesia yg gue SUKA. Lirik nya easy listening, Video clip nya  ganasss dark-Gothic, story nya cukup general) toxic relationship) tpi di kemas dgn EPIC. Bahaya ini utk musisi lain.

Congtatzzz bro!",lathi musik yang bergenre edm pertama dari indonesia yang gue suka lirik nya easy listening video clip nya ganasss darkgothic story nya cukup general toxic relationship tpi di kemas dengan epic bahaya ini utk musisi lain congtatzzz bro
@pangkasrambut8818,merinding!,merinding
@rengga6464,"Muda2han dgn video ini dpt, mengangkat budaya dan tari jawa, temenku ada yang cari nafkah dari tari dan atraksi ekstrim jawa dan penghasilannya kecil bgt, karena popularitas budaya tergeser jaman dan minat masyarakat untuk melestarikan, mulai menurun.",mudahan dengan video ini dpt mengangkat budaya dan tari jawa temenku ada yang cari nafkah dari tari dan atraksi ekstrim jawa dan penghasilannya kecil banget karena popularitas budaya tergeser jaman dan minat masyarakat untuk melestarikan mulai menurun
@pandhukurniawan944,"human : thats a amazing music video
dedemit youtube : siipi ying kisini giri giri nintin bli bli bli hilih kintil",human thats a amazing music video dedemit youtube siipi ying kisini giri giri nintin bli bli bli hilih kintil
@zidangmg617,"ONOK SENG MERINDING PASS LYRIC BHOSO JOWO NE?!!!! 

Seng podo Like",onok seng merinding pass lyric bhoso jowo ne seng podo like
@candrawiranata1206,100JUTA VIEWS?,juta views
@icaazainal9504,I’m from malaysia but i really love of jawa culture,im from malaysia but i really love of jawa culture
@heninggadas5574,Almost 50 millons baby...Lets goooooooo....,almost millons babylets goooooooo
@mel_fans-01,Bro i nostalgia...,bro i nostalgia
@laurazenda2412,"Ini baru karya anak bangsa, bukan lele.",ini baru karya anak bangsa bukan lele
@ve9209,"Wong jowo endi iki 
.
.
.
.
.",wong jowo endi iki
@irfanmontana,Sumpah ini lagu keren banget yg dislike generasi tiktok itu .Bung Karno pasti disurga bangga dengan karakter Indonesia dicampur dengan lagu ini .Gua doain go internasional amin,sumpah ini lagu keren banget yang dislike generasi tiktok itu bung karno pasti disurga bangga dengan karakter indonesia dicampur dengan lagu ini gua doain go internasional amin
@yogixfriends4,Lagu jaman covid-19,lagu jaman covid
@DlyySheeshh,"DENGERIN 1× : LAGU APA SIH GAJELAS
DENGERIN 2× : MASIH GAK PAHAM 
DENGERIN 3× : MANTEPP SLUURRR",dengerin lagu apa sih gajelas dengerin masih gak paham dengerin mantepp sluurrr
@Babebu,"Sopo sg Mrinding pass lirik jowone
Sg Podo like...",sopo sg mrinding pass lirik jowone sg podo like
@shofiyaalqanita3979,Lagu nya bagusss banget pesannya sangat mendalam aku suka,lagu nya bagusss banget pesannya sangat mendalam aku suka
@arvintokarijo8350,Woowwww! The song and video is sickkkk! As a javanese myself I am super proud to see and hear a representation of the javanese culture. Thank u! Greetings from Suriname! 🇸🇷🇸🇷🇸🇷🇸🇷,woo the song and video is sickkkk as a javanese myself i am super proud to see and hear a representation of the javanese culture thank u greetings from suriname
@reinaldirongrean9099,"Indonesia . Mana nih yang masih setia dengar musik ini Tahun 2021. . Tahun lalu Java, Tahun Ini Harus ada Dari Kalimantan, Sulawesi, sumatra Dll",indonesia mana nih yang masih setia dengar musik ini tahun tahun lalu java tahun ini harus ada dari kalimantan sulawesi sumatra dll
@disinibisa2987,"Mau dimana pun itu kalo udah puter lagu ini gak bakal bisa sekali lewat doang. Puter 100 kali juga aku lakuin. Wkwkwk 

Udah setahun aja ya, dan you are the best. 
Masuk di Billboard kereennn 
No 2 di  internasional 

Semangat terus karya anak bangsa.",mau dimana pun itu kalo udah puter lagu ini gak bakal bisa sekali lewat doang puter kali juga aku lakuin wkwkwk udah setahun saja ya dan you are the best masuk di billboard kereennn no di internasional semangat terus karya anak bangsa
@megachan.wings138,Edm + Gamelan = mantap,edm gamelan mantap
@ranggawidiyantoro6756,"Orang jawa asli pas lirik Ajining diri soko lathi pasti merinding asli


#WONGJOWORAILANGJAWANE!",orang jawa asli pas lirik ajining diri soko lathi pasti merinding asli wongjoworailangjawane
@Vista8899,"Damn..! It's an incredible music and song both at the same time. I ️ it so much.
Proud to be an Indonesian..",damn its an incredible music and song both at the same time i it so much proud to be an indonesian
@ekaputra924,"Udah sepi yg nonton, ayo lah tembusin 100jt view",udah sepi yang nonton ayo lah tembusin jt view
@kedondongofficial,Tiba tiba kangen lagu ini,tiba tiba kangen lagu ini
@donii969,kok komentar nya rata2 banyak dapat like ya?,kok komentar nya rata banyak dapat like ya
@Hajiwth,"We love Indonesia🇮🇩🇵🇭
(edited) thank you guys for the likes",we love indonesia edited thank you guys for the likes
@StoryFiaAsyad,Dalam hati “gw kudu ikut komen sama like semua komen biar jadi tranding ini lagu” keren wouyyy !! Pegel pegel dah tangan :(,dalam hati gw kudu ikut komen sama like semua komen biar jadi tranding ini lagu keren wouyyy pegel pegel dah tangan
@Lalaela560,Nostalgia era,nostalgia era
@ucoktupamahu9997,"36 Millions view , and still kekeyi is no 1 on trending ? It's speechless , wow .",millions view and still kekeyi is no on trending its speechless wow
@joditaufiqurrahmanshalih8947,"Sumpah di didengerin berulaang ulaaangg kali gk ada bosennya smbil jlan kmna"" pke aerphon malah jdi candu Karya yg sngaat luar biasa tanpa battaass..!!! EDM dengan unsur budaya kita yg bkin good job mkin mantap trus berkarya & ciptakan musik"" Edm yg berkualitas sperti ini dri negeri menuju Dunia,,, Donald Trump tepuk tangan berkali"" ngeliat ini
Kim jong un tercengang ngeliat ini.",sumpah di didengerin berulaang ulaaangg kali tidak ada bosennya smbil jlan kmna pke aerphon malah jdi candu karya yang sngaat luar biasa tanpa battaass edm dengan unsur budaya kita yang bkin good job mkin mantap trus berkarya ciptakan musik edm yang berkualitas sperti ini dri negeri menuju dunia donald trump tepuk tangan berkali ngeliat ini kim jong un tercengang ngeliat ini
@blimbink1886,Gass 200 jt lurr...,gass jt lurr
@NuliaL-mq2lu,"The best song, the best performance",the best song the best performance
@NovaSya-zw1ni,This is very cool .. geez I have commented 2 × because this is very very very good .. From the beginning to the end nothing was lacking or ugly .. because uwaww is too good .. Lathi is an old Javanese language as far as I know ... and in the sense that Indonesian is tongue / speech ... maybe this is as far as I know,this is very cool geez i have commented because this is very very very good from the beginning to the end nothing was lacking or ugly because uwaww is too good lathi is an old javanese language as far as i know and in the sense that indonesian is tongue speech maybe this is as far as i know
@hernash-hk,This song made me goose bump  when the chorus take role,this song made me goose bump when the chorus take role
@madiosdios4545,FIX INI SIH YG DISLIKE PASTI ORANG GAPTEK DISANGKAIN TOMBOL DOWLOAD,fix ini sih yang dislike pasti orang gaptek disangkain tombol dowload
@SusiAuraWati,jadi ke inget sesuatu yang membuat ku lumayan trauma,jadi ke inget sesuatu yang membuat ku lumayan trauma
@senang_belajar19,"Ini yakin ga trending nih , what hapen of my country ? Apa cuma konten sampah yg bisa trending , woii ini karya cuk , sekelas global gini ga trending udah pada budek sama buta kali .",ini yakin tidak trending nih what hapen of my country apa cuma konten sampah yang bisa trending woii ini karya cuk sekelas global gini tidak trending udah pada budek sama buta kali
@ITZALYA_WOLF_,"AKU BANGGA SAMA KKSEMOGA LAGU INI JADI LAGU TERBAIK DI DUNIABIAR INDONESIA POPULER
LAGUNYA WOWWWWWWW AMATTTTT GILAAAAAAAAAAAAAYA TUHAN AKU SAMPAI TAK BISA BERKATA APA APASEMANGAT KABEST SONG EVERRRRRRRR♡♡♡♡♡♡♡♡♡♡♡♡♡♡♡",aku bangga sama kksemoga lagu ini jadi lagu terbaik di duniabiar indonesia populer lagunya wo amattttt gilaaaaaaaaaaaaaya tuhan aku sampai tak bisa berkata apa apasemangat kabest song everrrrrrrr
@robertjoe5858,This music no.1 in my playslist my IPHONE music Application,this music no in my playslist my iphone music application
@jaysoncastillano7284,This music makes me goosebump i really like the music most timely and unique. From Philippines🇵🇭,this music makes me goosebump i really like the music most timely and unique from philippines
@cilexkarta6371,"Weird genius
Emang jenius
Good job brother and sister
Like this song really like this",weird genius emang jenius good job brother and sister like this song really like this
@SamuelIDAja,"Jadi pengen ngumpulin orang yang abis nonton Lathi langsung liatin orang luar negeri Reaction Lathi juga 
Banyakan sih bilang karena bangga aja rasanya jadi pengen liat orang luar reaction ini",jadi pengen ngumpulin orang yang abis nonton lathi langsung liatin orang luar negeri reaction lathi juga banyakan sih bilang karena bangga saja rasanya jadi pengen liat orang luar reaction ini
@Muff_Channel,Still here,still here
@hyperxxx4494,"Bagi yang membaca mohon beri dukungan terbaik, terbanyak demi mengpresiasi karya Indonesia agar mereka mendapat tenaga, dan harapan bahwa mereka dihargai , agar usaha mereka tidak berhenti sampai disini. Dukung yang memberikan hal positif bagi negara mau karya sekecil apapun itu.mohon bantuannya",bagi yang membaca mohon beri dukungan terbaik terbanyak demi mengpresiasi karya indonesia agar mereka mendapat tenaga dan harapan bahwa mereka dihargai agar usaha mereka tidak berhenti sampai disini dukung yang memberikan hal positif bagi negara mau karya sekecil apapun itumohon bantuannya
@rnzkyryn,people who don't come here because of tiktok are legends,people who dont come here because of tiktok are legends
@aciakgaming1758,"Sumpah yaa,,,w bangga banget sebagai orang indonesia,,,skrg indonesia udah mulai jadi sorotan orang2 luar negri,semoga cepet kelar project lu yng baru bang arap,,,w bangga banget sama lu bang,,,trus berkarya bang,,,bodo amat lah ama bacot2 orang yng kaga jelas",sumpah yaaw bangga banget sebagai orang indonesiaskrg indonesia udah mulai jadi sorotan orang luar negrisemoga cepet kelar project lu yng baru bang arapw bangga banget sama lu bangtrus berkarya bangbodo amat lah ama bacot orang yng kaga jelas
@Izzanuraliyah,I used to wear this when I performed at school.,i used to wear this when i performed at school
@elrenagatha6978,"yeahh. go to top trending . indonesia jangan bodoh"" memilih lagi. jangan lagu yang gk jelas bisa trending... yoshhh we keep support this song",yeahh go to top trending indonesia jangan bodoh memilih lagi jangan lagu yang tidak jelas bisa trending yoshhh we keep support this song
@ikhsanskuyy2627,"Pertama denger , B aja
Kedua denger , B aja
Ketiga keinget terus sama lirik jawanya , lumayan suka
Ke empat , terobos ajalah anyink download",pertama denger b saja kedua denger b saja ketiga keinget terus sama lirik jawanya lumayan suka ke empat terobos ajalah anyink download
@luthfisyahrial,"ASLI TERHARU, baru kali ini lagu EDM+Tradisional bikin BANGGA INDONESIA!!!",asli terharu baru kali ini lagu edmtradisional bikin bangga indonesia
@RismanSolsagann,WHAT A GREAT SONG,what a great song
@mariasusanti928,"Karya bangsa sndiri kok masih di dislike ya
Padahal keren bgt",karya bangsa sndiri kok masih di dislike ya padahal keren banget
@desria1772,Balek ke sini lagi setelah liat dance version dari 1Million Dance,balek ke sini lagi setelah liat dance version dari million dance
@ellafordaningsih902,Siapa yg ngulang2 lagunya sambil baca komentar yg keren2 ini likenya manaaa,siapa yang ngulang lagunya sambil baca komentar yang keren ini likenya manaaa
@AlviAaa-y91,Who would have thought that the person who made this song came from Indonesia,who would have thought that the person who made this song came from indonesia
@eake1439,"The witch is like comes from suicide squad villain,the light from the man look from the Avatar
Overall,I love it,rich with cultures
Maybe the next Alan Walker???",the witch is like comes from suicide squad villainthe light from the man look from the avatar overalli love itrich with cultures maybe the next alan walker
@euphoriabunyy,Indonesia bagus salam dari Malaysia,indonesia bagus salam dari malaysia
@RavinsBoyizDrop,Tembusin 8 juta likes agar masuk 100 besar lagu dengan like terbanyak di dunia!!!!,tembusin juta likes agar masuk besar lagu dengan like terbanyak di dunia
@fulanahbintifulan1445,"Asli merinding
Ags'25 kumpul..",asli merinding ags kumpul
@faa4792,Seng ngoroso awak e wong jowo like e slur,seng ngoroso awak e wong jowo like e slur
@zaidanzf_,if lathi hit 100m views it would be LIT,if lathi hit m views it would be lit
@sakuzya7090,The culture mix with modern make masterpiece like this,the culture mix with modern make masterpiece like this
@sydj696,"5 tahun lepas sia dah 2025 days
10/8/2025",tahun lepas sia dah days
@nadyasavira0422,Emg keren bgt sih ini lagu. Sampe hari ini gue dengerin pun masih merinding denger nya.,emg keren banget sih ini lagu sampe hari ini gue dengerin pun masih merinding denger nya
@metrizalkomet8365,"I'm from brazil,, i like this song so muchhh",im from brazil i like this song so muchhh
@imammaulana9778,Aku anak melayu riau bangga jadi anak indonesia🇮🇩🇮🇩🇮🇩,aku anak melayu riau bangga jadi anak indonesia
@acayamayama5136,Lathi : Lidah yang berarti kau tidak bisa lari dari perkataan mu itu,lathi lidah yang berarti kau tidak bisa lari dari perkataan mu itu
@shofiyahfathani3150,Yang dislike fix yg beli kuota harian nih pasti karna ga bisa nntn video smpe habis-_- masak video sebagus ini ada yg dislike,yang dislike fix yang beli kuota harian nih pasti karna tidak bisa nntn video smpe habis masak video sebagus ini ada yang dislike
@kharismanadagroup757,Gua gak bisa komentar apa apa ...luar bisa bangett... Keren salam dari rusia..,gua gak bisa komentar apa apa luar bisa bangett keren salam dari rusia
@aviansyahibrahim5778,"Akhir tahun 100jt view, yok Indonesia bisa",akhir tahun jt view yok indonesia bisa
@GabrianIvander,This song made by Indonesia wow,this song made by indonesia wow
@kristian_sibarani,"Lets be honest, this wasn't in your recommendation, u searched for it...",lets be honest this wasnt in your recommendation u searched for it
@feli.c9910,we need a petition for gmmtv to use this music as 'the gifted: graduation' ost,we need a petition for gmmtv to use this music as the gifted graduation ost
@yukris5644,"Semoga bisa 100 juta
1 Juni 2020 : 34 juta",semoga bisa juta juni juta
@4bdoe.e,THIS IS INDONESIA️,this is indonesia
@nyenyenye630,"Yang harus trending#1 itu ini bukan, boneka boneka boneka gak jelas, ini karya memperkenalkan tanah air 🇮🇩🇮🇩🇮🇩🇮🇩",yang harus trending itu ini bukan boneka boneka boneka gak jelas ini karya memperkenalkan tanah air
@syafaaterzs,"ɢᴜᴀ ᴋᴇsɪɴɪ ɢᴀʀᴀ ɢᴀʀᴀ ɪɴsᴛᴀɢʀᴀᴍ ʜᴇsᴏɪʏᴀᴍ_ (ʜɪsᴛᴏʀʏ ᴠɪᴅᴇᴏ ᴋᴀᴅɪᴛᴀ)




ᴇᴅɪᴛ : ᴀɴᴊᴀʏ ᴜᴅʜ ʀᴀᴍᴇ",s s s s
@annasanwar1096,Yang masih dengerin lagu sampai sekarang siapa,yang masih dengerin lagu sampai sekarang siapa
@ceptegarmuharam5601,Vibes 2020,vibes
@Vract,Gw,gw
@dedydoow7802,"Soo deep.. I lov this song, 
Can't stop listening everyday..",soo deep i lov this song cant stop listening everyday
@multazamnazli1076,"Yang dukung WEIRD GENIUS dapet piala musik award 2020 like dan kometar, ""setuju""",yang dukung weird genius dapet piala musik award like dan kometar setuju
@hilmirailfans,Is music inspirasion for tradision majapahit (indonesian),is music inspirasion for tradision majapahit indonesian
@reganslism3947,"Positif aja Mungkin Yang Dislike
Sering Nonton Kekyi Mukbang
Jadi dah biasa dislike,Atau memang gasuka
Dan buat yang like
 I'M WITH YOU",positif saja mungkin yang dislike sering nonton kekyi mukbang jadi dah biasa dislikeatau memang gasuka dan buat yang like im with you
@satriaajipangestu3338,Masih aja heran.... Kenapa bisa ga trending???????? Sekeren inj g trending cuk...,masih saja heran kenapa bisa tidak trending sekeren inj g trending cuk
@bellasetiani4617,Woy sekeren ini masih ada yang dislike? Yang dislike ga ada akhlak jir,woy sekeren ini masih ada yang dislike yang dislike tidak ada akhlak jir
@lyn_cutie1890,I love this song,i love this song
@sportskuy7539,"Lagu EDM x Tradisional yg lagi trending:
1. Lathi - Weird Genius 
2. Mother Earth - Alffy Rev",lagu edm x tradisional yang lagi trending lathi weird genius mother earth alffy rev
@cikalsylvia3192,"itu yang dislike sebanyak itu sini sini cerita sama aku,kalian nonton sambil merem kah? TRENDING KAN REK!! huhu",itu yang dislike sebanyak itu sini sini cerita sama akukalian nonton sambil merem kah trending kan rek huhu
@syakirartofficial8960,SUMPAHHH YANG DISLIKE GA ADA AKHLAK WOYYYYY,sumpahhh yang dislike tidak ada akhlak woyyyyy
@andreasssx,Masterpiece.,masterpiece
@wahyuaji705,"Entah kenapa aku jadi teringat kisah rorojonggrang. Yang mengisahkan cinta pangeran terhadap seorang putri. Cerita cinta itu berakhir dengan sebuah kutukan. 

Karena! Sebuah PERKATAAN bisa mengubah segala alur cerita kehidupan.

AJINING DIRI ONO ING LATHI

Karena aku orang jawa, Aku selalu merinding tiap mendengar kalimat "" ITU "" di lagu ini

Selamat buat semua yg terlibat di dalam nya",entah kenapa aku jadi teringat kisah rorojonggrang yang mengisahkan cinta pangeran terhadap seorang putri cerita cinta itu berakhir dengan sebuah kutukan karena sebuah perkataan bisa mengubah segala alur cerita kehidupan ajining diri ono ing lathi karena aku orang jawa aku selalu merinding tiap mendengar kalimat itu di lagu ini selamat buat semua yang terlibat di dalam nya
@fachrysandra6303,"Anjiiiirrrrrr saluttt bgt karyanya, gue harap bisa terus memajukan musik indonesia, DANN PLEASE JGN SAMPE DI REMIX AMA GAGAK.",anjiiiirrrrrr saluttt banget karyanya gue harap bisa terus memajukan musik indonesia dann please jgn sampe di remix ama gagak
@yunojung8344,"Itu yg nge dislike maslhhnya apaan sihhh,mungkin iri yhhh ngeliat karya sebagus ini

Selalu smangattt buattt kryaa ke giniiiii
GO INTERNATIONALL!!!!",itu yang nge dislike maslhhnya apaan sihhhmungkin iri yhhh ngeliat karya sebagus ini selalu smangattt buattt kryaa ke giniiiii go internationall
@DmZSan,Sudah 5 tahun aja ternyata,sudah tahun saja ternyata
@najwanabila3684,"""kowe ra iso mlayu saka kesalahan ajining diri ana ing lathi : kamu ga bisa lari dari dari kesalahan, kehormatan diri ada di ucapan"" menurut ku pesan dri lagu lathi ini kita harus selalu menjaga ucapan/lisan agar tidak menghancurkan kehidupan seseorang atau diri sendiri. Salut lah sama weird genius suka bgt sama ni lagu >~< ya nama nya juga genius lah 
.
Btw itu g tau arti nya bener apa kagak :""v",kowe ra iso mlayu saka kesalahan ajining diri ana ing lathi kamu tidak bisa lari dari dari kesalahan kehormatan diri ada di ucapan menurut ku pesan dri lagu lathi ini kita harus selalu menjaga ucapanlisan agar tidak menghancurkan kehidupan seseorang atau diri sendiri salut lah sama weird genius suka banget sama ni lagu ya nama nya juga genius lah btw itu g tau arti nya bener apa kagak v
@marinaofficial213,Mana nih orang jawa,mana nih orang jawa
@liliksetiawan2482,"Kirain full Inggris ternyata ada Jawa nya




Orang Jawa mana nih",kirain full inggris ternyata ada jawa nya orang jawa mana nih
@hendrasutikno3387,HAMPIR KAYAK FUNK,hampir kayak funk
@SYAFTON,It just me or this gives me Enchantress from suicide squad vibes.,it just me or this gives me enchantress from suicide squad vibes
@hidabc,"Kelak  ditahun 2030 masih ada yang komen

""Yang masih nonton 30 februari 2030 like""

Mlzzz",kelak ditahun masih ada yang komen yang masih nonton februari like mlzzz
@bayurifqie_hp285,Jawa tengah like,jawa tengah like
@LuriBuotigue,lagu indonesia paling keren gue denger,lagu indonesia paling keren gue denger
@luwakwhitecoffe7098,"Yang gak like parah, bagus banget, dan yang gak suka?kenapa gak suka bagus kek gini kok gak suka?hadeuhhh pokoknya good bagus banget deh",yang gak like parah bagus banget dan yang gak sukakenapa gak suka bagus kek gini kok gak sukahadeuhhh pokoknya good bagus banget deh
@zuko.7039,Siapa yang kira orang barat hayo,siapa yang kira orang barat hayo
@faridaaprilia9080,SEBAGUS INI MASIH AJH ADA YANG DISLIKE HERAN GUA SAMA STANDARISASI KEBAGUSAN MEREKA,sebagus ini masih ajh ada yang dislike heran gua sama standarisasi kebagusan mereka
@Ato12Z,What an amazing video and song!!!,what an amazing video and song
@janherdijk,"Jawa Timur endi suarane!!

(edit) yo ngono rek JATIM seng akur lurr!",jawa timur endi suarane edit yo ngono rek jatim seng akur lurr
@campur-campur5201,"Anjir,,,Giliran lagu nya si, KEKEY BOKAN BONEKA. trending nya sampe keluar angkasa, tapi kalo ini cumah di bilang ghaib atau gimanalah, padahal ini karya luar biasa gaess +62.parah dah",anjirgiliran lagu nya si kekey bokan boneka trending nya sampe keluar angkasa tapi kalo ini cumah di bilang ghaib atau gimanalah padahal ini karya luar biasa gaess parah dah
@lyubo_stan,"Who came here after Tristan reacted to this?
.
.
.
.
I am not Russian",who came here after tristan reacted to this i am not russian
@HakimAbdul-1q8g,Masih dengerin sampe sekarang,masih dengerin sampe sekarang
@srizulhifani6364,"Kesel bat dibilang ngundang setan...
Jelas2 lirik2nya inggris gaada kaitan dg setan...umahku nang sanding segoro kidul apa arep diomong kancanan karo setan juga??",kesel bat dibilang ngundang setan jelas liriknya inggris gaada kaitan dg setanumahku nang sanding segoro kidul apa arep diomong kancanan karo setan juga
@deejay.trader,Ghosts are unreal. The only thing they should afraid of is me.,ghosts are unreal the only thing they should afraid of is me
@rohenisulistyaningsih,Lagu gabungan inggris jawa ini bagus banget apa lagi yang bagian kowe iso mlayu beuhhh apalagi,lagu gabungan inggris jawa ini bagus banget apa lagi yang bagian kowe iso mlayu beuhhh apalagi
@lyn_cutie1890,Gila kok bisa lagunya keren banget,gila kok bisa lagunya keren banget
@nerisaismayanti5424,udah 5 tahun berlalu,udah tahun berlalu
@stayhalal-u8r,I'm from Indonesian in Java,im from indonesian in java
@arahbola6452,2020 overpower bgt nh lagu,overpower banget nh lagu
@Maulana-e5j,Disaat nanti saat kau sudah mengerti kau tak akan ku lepaskan,disaat nanti saat kau sudah mengerti kau tak akan ku lepaskan
@rzersx,5 years ago,years ago
@NabilahShafwa,Kerreeen pooollll,kerreeen pooollll
@masmboyz6375,Gokil masih saya dengar di tahun 2025,gokil masih saya dengar di tahun
@DANCE-g2q,Wow,wow
@lianlyn0880,Muncul lagi setelah 5 tahun,muncul lagi setelah tahun
@Lehayo-s,Lagu ini viral banget sampe keluar negeri  bagus banget,lagu ini viral banget sampe keluar negeri bagus banget
@friskaaputri-h8z,Oktober 2025... Anyone?,oktober anyone
@PakDe-d8d2q,Kpla pcah,kpla pcah
@MickvodkaGoodgame,"Kehormatan diri seseorang ada di lisannya.
Seseorang bisa dinilai dari lisannya dalam berkata atapun janji..",kehormatan diri seseorang ada di lisannya seseorang bisa dinilai dari lisannya dalam berkata atapun janji
@Arvelbejebu,1:03 this is so dang bro W song and W Indonesian,this is so dang bro w song and w indonesian
@kesehanan,gokil bangatsss,gokil bangatsss
@natashavy,lagu Inggris X jawa terenak,lagu inggris x jawa terenak
@christinedesyliana,"Jayalah Musik & Lagu Indonesia 
Apalagi jika ada unsur alat musik dan seni tari dari Indonesia.
Lestarilah Budaya Indonesia.",jayalah musik lagu indonesia apalagi jika ada unsur alat musik dan seni tari dari indonesia lestarilah budaya indonesia
@buncisproject8502,2025 masih keren aja,masih keren saja
@PR3TTY_L3XX4,Bestt nyyyeee,bestt nyyyeee
@RiskiyahwulandariMuhamad-q1y,Wayang kulit mbiyen,wayang kulit mbiyen
@JuanFelix-m2l,"saya latihan Smahpore pakai lagu ini, terimakasih atas ciptaan nya Weird",saya latihan smahpore pakai lagu ini terimakasih atas ciptaan nya weird
@HazleyLinkafarasya,"151 JT sekrng ,dari nonton masih 800,sekarnag Balik Lagi",jt sekrng dari nonton masih sekarnag balik lagi
@KNTNQ.F.C,"Sabtu, 11 oktober 2025 anyone?",sabtu oktober anyone
@cikalradianfajar2040,Yo this made indonesia,yo this made indonesia
@AsfinaEva,Mantap,mantap
@LangitAbie,Kesini lagi di 2025. Emang Arap ini Genius sih.,kesini lagi di emang arap ini genius sih
@ROHMANPRODUCT,yg masih setia mendengarkan lagu lathi 4thn ini?,yang masih setia mendengarkan lagu lathi thn ini
@enrisandi2872,cocok buat backsound nya Solo Leveling,cocok buat backsound nya solo leveling
@simpleSTAY0325,Minimal banget sebulan sekali mampir sini,minimal banget sebulan sekali mampir sini
@saputra911,Kembali lagi ke vidio keren ini.,kembali lagi ke vidio keren ini
@blueberrymahwaa,JAWA!,jawa
@NurRiyah-t8j,Akhirnyaa lagu yang ku tunggu tunggu ktemuuu,akhirnyaa lagu yang ku tunggu tunggu ktemuuu
@BiakBuaya,"Jrng lagu di indonesia make bahasa inggris, dan akhirnya cuma 1 lathi yg ku liat/dengar",jrng lagu di indonesia make bahasa inggris dan akhirnya cuma lathi yang ku liatdengar
@vals332,still gimme goosebumps,still gimme goosebumps
@adamatturab388,Akting dia di film horor selalu bagus,akting dia di film horor selalu bagus
@Rm36-Production,So good,so good
@E-KinerjaBKNSatpolPPBanyumas,legends,legends
@Ripzzzedity,"gamelan = 999+ aura
edm = 666+ aura

edm + gamelan = merasa kesurupan njir",gamelan aura edm aura edm gamelan merasa kesurupan njir
@SitiAnissa-d2g,Lagu ini sampe jadi mata pelajaran disekolah ku bener bener mendunia sih ni lagu,lagu ini sampe jadi mata pelajaran disekolah ku bener bener mendunia sih ni lagu
@romanhaloho2702,"keren, top. 
maju terus seni Indonesia",keren top maju terus seni indonesia
@shangrawn,dah 2025 tetep aja masih suka dengerin,dah tetep saja masih suka dengerin
@lovelygirl-d6o,Ini dia yang ku cari,ini dia yang ku cari
@mastahganz6718,The Best,the best
@RedStoneCraftGG,"2 possible remix:

Lathi x Polumnia Omnia
Lathi x Deltarune - Black Knife",possible remix lathi x polumnia omnia lathi x deltarune black knife
@deddyharyadi4228,Ga bosan masih dengerin lathi ditahun 2025,tidak bosan masih dengerin lathi ditahun
@UmniyyahHasanah,"pliss, kangen masa masanya",pliss kangen masa masanya
@JLMvision,saya bahkan tidak tahu kalo ini juga termasuk karya dari Reza arab weird genius,saya bahkan tidak tahu kalo ini juga termasuk karya dari reza arab weird genius
@hjsuwarti2173,Melody.,melody
@MeldaMayor02,Okt 2025?,okt
@sanmoln,AMHUV!!!!,amhuv
@pawitsulistiyono8912,Tidak terasa Sudah 5 Tahun berlalu sekarang Agustus 2025 play ini pagi,tidak terasa sudah tahun berlalu sekarang agustus play ini pagi
@Fairyislikeunicorn,This song is my anthems,this song is my anthems
@Kanzza97,There is an Indonesian wayang culture,there is an indonesian wayang culture
@pik4._luvr,kangen sama era ini pls...,kangen sama era ini pls
@wayandiana299,Thanks weird…you are so genious,thanks weirdyou are so genious
@santriembonganofficial,Yes,yes
@novanacw,Ini Sangat keren memadukan bahasa inggris  dan bahasa jawa,ini sangat keren memadukan bahasa inggris dan bahasa jawa
@XpressPCRepair,What a beautiful tune,what a beautiful tune
@Zharalyn,Anyone here in August 2025?,anyone here in august
@Pinta-m1m,Wow this music is so good!!!!,wow this music is so good
@kazekage472,"Gk terasa 5 tahun berlalu awal lagu ini release, bener² booming awal release live lagu ini. Sekarang dah tua aja",tidak terasa tahun berlalu awal lagu ini release bener booming awal release live lagu ini sekarang dah tua saja
@HadiSukarto-c9l,Wow amazing me from Indonesia jawa,wow amazing me from indonesia jawa
@ismilestari2324,kesini karna habis lihat film para betina pengikut iblis,kesini karna habis lihat film para betina pengikut iblis
@AdiRahman-r6t,"Februari 2025 menjelang puasa, mengingat bulan puasa 2021 masa pandemi",februari menjelang puasa mengingat bulan puasa masa pandemi
@adfishftnaaa6361,"""LATHI"" loveeee yooo Sara Fajiraaa and all people of Lathi and Weird Genius",lathi loveeee yooo sara fajiraaa and all people of lathi and weird genius
@RianaRudy,Gw yg nonton inin di tahun 2025,gw yang nonton inin di tahun
@abhadewi,hayolo siapa kgn vibes dirumah aja,hayolo siapa kgn vibes dirumah saja
@azmanjemey3743,Berhantu smpai 2025,berhantu smpai
@wisaeofficial7713,josss,josss
@fitrapratama4318,Inget saat aktifitas di bumi ini beristirahat untuk sejenak,inget saat aktifitas di bumi ini beristirahat untuk sejenak
@Abudp3naterli,Musik yang begitu jeniuuuus....kalian luaaaaar biasaaaa,musik yang begitu jeniuuuuskalian luaaaaar biasaaaa
@azkanazrielhamdani8868,Aku bangga dengan indonesia  🇲🇨🇲🇨🇲🇨🇲🇨🇲🇨,aku bangga dengan indonesia
@UmiAtikah-jh8nh,Icikiwirrrr,icikiwirrrr
@FaizIsmail-zo6xd,Tak kerasa sudah 5 tahun dari jaman pertama covid,tak kerasa sudah tahun dari jaman pertama covid
@putrapratama6594,dari dulu selalu merindig kalau denger ni lagu GILAAAA KEREN BANGETT,dari dulu selalu merindig kalau denger ni lagu gilaaaa keren bangett
@salsaPutri-y1v,Jawa jawa jawa jawa jawa,jawa jawa jawa jawa jawa
@nurulamalia9492,kuuueren kebangetan,kuuueren kebangetan
@riskifauziahafni6367,2025  masi sering putar,masi sering putar
@adeirfanantonius7520,Lagu yg selalu bikin kangen tiap di dengernyaaa,lagu yang selalu bikin kangen tiap di dengernyaaa
@JatilawangH4J1-wx7uf,Bagus,bagus
@AgusSalim-ri4oj,Ini lagu gila sih. Setiap kali dengar pasti merinding.,ini lagu gila sih setiap kali dengar pasti merinding
@robbysiahaan5712,satu kata buat lagu ini gaess.. neng kene wes neng kono..,satu kata buat lagu ini gaess neng kene wes neng kono
@rizqiirawan7991,nonton di 2025 ada?,nonton di ada
@Tonysuna,baru dengar ... seperti yg aku impikan perpaduan yg traditional top top,baru dengar seperti yang aku impikan perpaduan yang traditional top top
@rahmaputri4758,"kembali setelah 5 tahun ...
2025",kembali setelah tahun
@FujiZeazefanya,Gak terasa udah 5 thun yg lalu. Ceoatnua waktu berlalu,gak terasa udah thun yang lalu ceoatnua waktu berlalu
@Aulia_hikmah,Kesini gara-gara abis nonton chit chat  yang ngundang kak sara fajira,kesini garagara abis nonton chit chat yang ngundang kak sara fajira
@dericoramadhany7679,Is awesome,is awesome
@susanpereyeibo7576,"Imperfections are really perfect, changes are inevitable",imperfections are really perfect changes are inevitable
@abuRochmant,Kesini gara gara fyp tiktok dewi persik nyanyi lagu lathi,kesini gara gara fyp tiktok dewi persik nyanyi lagu lathi
@CreatorMusic-UJ,Nice song,nice song
@AgungKun-f1i,"Keinget masa masa covid, di mana seluruh dunia ber istirahat",keinget masa masa covid di mana seluruh dunia ber istirahat
@kucingyuraha9669,Blm move on from this song. Selalu merinding setiap  masuk ke gamelan nyanyian jawa,blm move on from this song selalu merinding setiap masuk ke gamelan nyanyian jawa
@tela321,keren,keren
@MamaIfa-b3m,Semangattt Kakak!!,semangattt kakak
@putripermatasari5969,Keren keren keren,keren keren keren
@cynn225,Keren bgtt,keren bgtt
