Author,Comment
@violettewautier,️
@diazavriza406,"Edm = udah keren banget
Gamelan = lebih dari kata keren

Edm + Gamelan = auto Kesurupan Njir"
@777_chanel,"Sinden : mas pengen nyinden tapi karo party
WG : yoo gass"
@NanyaElite,"Anyone here in July, 2025?"
@milaamylia2039,Sept. 2025... Anyone?
@chlaur3072,"If you guys ever collabed with stray kids that would be INSANEEEE, like the music styles fit sooo well"
@clarity5703,"It was a hit last year, glad Chan bring me back to this song"
@amalia3710,"It’s my first time hearing this song on Chan’s live, thank you Channie, i already love this song so much"
@bigmovie4584,Yang dengerin di th 2025 hadir
@divogalindra9821,"The first time I heard this song on Tiktok I thought it was a western song combined with Indonesia’s traditional instrument but damn I was wrong! Found out its Indonesian artist, epic!"
@penikmatmusik3259,"Wajarlah lagu ini mendunia karna lirikny kren bnget bhsa inggris dan jawa..
Di tambah musikny mewah dan megah.."
@jipansan8935,"""Mas aku kepingin nyinden, tapi yo karo dugem""
WG:yo."
@serawajahjeleksera6082,"Mampir ke sini bln september 2025
Sumpah lagunya keren bgttttttt"
@aseprahmansetiadi6532,"Omg there have a lot indonesian culture


Agnez mo: left the chat with left diamond"
@tomviva12,"God damn, merinding anj...


This was dope!!!"
@009chavansujatas5,I'm here after listening this on Chan's room todayy!! This song is MASTERPIECE!♡
@umdafulkhorioficial,"2025 september , inget covid ternyata bisa berjuang sampe sejauh ini , alhamdulilah"
@kinasa5679,01:12 HOLY S*** OUT OF THIS WORLD
@jemiafriwan4100,"Sara fajira: Mas aku pengen nyinden. Tapi seng karo dugeman, gledek e ojo lali mas
Weird genius: Yo!"
@ayya_twv9983,"Kesini lagi setelah reaction bang chan yang dimana, dia pertama kali nge react sampe di setel sampe akhir dan di ulang. Jujur dr awal ini lagu muncul emang the best sih lagunya, apalagi di campurkan dengan musik tradisional. Aku berharap kawan2 Weird Genius membuat music semacam ini lagi."
@Hanggar-tp5wv,"dan yap, 5 tahun berlalu...."
@oyonkhab5792,"Go #TRENDING !!!!
Proccess 20M viewers go go #LATHI INDONESIA POWER !!! YOU CAN DO IT"
@rizkiandini2200,"heard this song from tiktok, i thought it was a song from westerners and fan from Indonesia mixed that song. ternyata wow saya merinding ternyata it actually MADE FROM INDONESIA"
@sakina5052,INDONESIAN DJ IS ON ANOTHER LEVEL RIGHT NOW OMG  I LIKE THIS SONG SM
@rikadamayanti7735,Haven't see in few month and Wauuuw 158 already?
@alexanderluka4258,"As an indonesian i am trully proud
This song is completely epic"
@andrywbw2362,Absen yang hadir di 2024 siapa aja nih
@idkholussurur1749,Eh anjirr SUMPAH DEMI ALLAH Keren Banget dah.. Biasanya di TikTok Cuman Tauku sepenggalan aja Yg Bagian arasnsemen jawa.. ini Kali pertama Tau Versi full Nya
@ferryirfan7121,Gila udah 4 tahun? Tapi tetep bagus banget
@mousselmistelfeld4683,"Me: this music is very good
Me: looking for English comments

Me thinking rn: Indonesian people certainly know how to appreciate their art, 90% comments are Indonesian"
@ryanmoch9163,This is culture remix
@daffarizky4960,"Friend"" How many times you have been watching this?""

Me: ""Not Enough."""
@ArdiPradita,udah 5 tahun ga kerasa
@---lv3nv,"UDAH GO INTERNASIONAL KAK?
ALLOHUMMASALLIIALAASAIDINAAMUHAMMAD"
@ozgirl7701,"it's really good!!! The vocals, the instrumentals, the song's production was really awesome.. Glad to have heard it first on Chan's room"
@PHX-Bømb,"Wayang ""Image of dominance control in toxic relationship/ Someone who controls others dominantly""
Glass eater ""Embrace your soul to resist and fight the lies or painful words""
Evil enchantress ""the darkest side that emerges from someone after getting hurts'
Kuda lumping ""an illustration of resistance""
Traditional dance ""Ilustrates the beautiful and harmonious side of the relationships, sometimes it also describes the feelings of the people involved""
Flamethrower guy ""illustrates a fiery desire to do things""
Fire eater ""symbol of courage to take all of the pains""

It's my opinion, what is yours ?"
@ElisNingsih-um6ni,lagu ini tentang seseorang yang berambisi untuk sukses megapai cita2 krn hinaan cacian dan direndahkan mbuatnya bangkit dan ingin membuktikan bahwa dia akan berhasil
@enigmxxa,"omg this is such a dope! wish i had found you sooner. thanking Bang Chan for bringing many of us to you, your music. love from Australia"
@barbuemordez9099,"Wow no sabía que esto tenía video... Me encanta el puente ... Cada vez mas me gusta la música edm, gracias a bangchan y a STAY por ampliar mi gusto musical."
@baguskecil7808,"""koe Ra ISO mlayu Soko kesalahan ajineng diri Ono ing lathi "" 

Coh ngeri lurr ,.... Keren dap pokok e"
@vladimirjimmy3969,OCT 2025
@xii.ips.2.06fajardwiyanto3,Music ini yang sudah menyebar di Tiktok dengan versi transisi semua transitioner telat membuat dengan lagu ini termasuk aku juga.SEMANGAT!!!
@zeshbastila0510,"really"" merinding pas part ""kowe ra iso mlayu"" gila2, truely weird and so genius for making a song, and i cant wait for next new song!! much love for this one!!!"
@pejuangmalam5681,"0%      bad word
0%      nudity
5%      traditional
5%      international

100% talent
100% laga kolosal"
@arysidabutar,2025 masi dengar ini ngumpul
@Alexa-dq4wz,Chan se veía muy feliz y debo decir que la canción es genial así que gracias por la gran recomendación Stay!!
@rahmanjunior4851,"Sinden : aku pengen nyinden,tapi karo dugem

WG : ?? TROBOSS AJALAH ANJGG"
@morningdew5328,"a beautiful human who trapped in toxic relationship 

WOW"
@esBatu-v6w,Perasaan ini lagu baru kemarin  tulis ternyata usah 5tahun yang lalu aja ternyata waktu begitu cepat
@leuynn,"Everyone : DOPE!!
TikTok : Hippity Hoppty This Is Now My Property"
@staychaa,"lokal rasa luar

harus go internasional sihh"
@alexandradevi5901,"Kowe Ra iso mlayu Saka kesalahan. Ajining diri Ono neng Lathi.

Jancuk! Bangga tenan aku dadi wong jowo krungu lagu Iki"
@kaitokid1630,August 2025 ?
@talentasigiro1027,GOES TO 1MILLION LIKESSSSSS
@JichuFanss,"Now, its 2024. Masih terngiang2 sama ni lagu kadang, bangga banget cuy indonesia punya lagu sebagus ini"
@muhrezay,"This is masterpiece dude
As a Javanese i'm so grateful to see this
Next level of weird genius"
@MukWongDeso,"Uda denger lagu ini sejak jaman hits dulu, ini dengerin lagi pakai TWS, baru sadar lagu ini masterpiece beneran"
@haihola1458,"GILA KEREN BANGET, JARANG MUSIK INDO SE UWOW GINI dan SEPECAHHH INI

#CINTABUDAYAINDONESIA
#AYOVIRALKAN"
@nicoleurtal7028,I'm from Philippines at first I heard this song on tiktok I was so shock like this song is nice so I search it in yt and yeah I was so shock on the mv so fucking niceeeeee I love it
@adristinka,"seriously, this song deserves more viewers omg! CAUSE THIS SONG IS MASTERPIECE.  PERIODT."
@putrinuramalia8464,lagu ini mengingatkan ketika sedang lockdown masa masa covid ..
@chefjahat3765,"This is what i call 3 in 1. 
ART
CULTURE
MUSIC."
@badex2110,"epic song exist

TikTok : ""it's free real estate"""
@Hlsakti,"As an Indonesian, I am very proud of this song. Combining EDM culture with thick Javanese elements makes listeners shudder (even though I'm Sundanese). Congratulations weird genius, you vibrate the world of Indonesian music!
We are all waiting for your works with other local cultural combinations"
@anindiaputrihardini8109,cung yang masih suka bolak balik tiap tahun?
@laluluhurariestawijaya5550,"Suicide Squad : We have the best witch (Enchantress).
Weird Genius : Hold my beer.

This is Indonesian next level Enchantress yo."
@bloodylilyy1846,Not just a name. You're literally a weired genius.
@daristaufik9700,Produk Asli INDONESIA yg dulu sempat Mendunia lagu ini
@aidahrestiaprilia1373,it's a cool blending of Java culture and Western
@haninabilah4614,Srsly this song need to go further the way she kept Indonesian culture amazed me. Dope asf I would literally suggest this to my Malaysian friends. Love fr Malaysia️
@yutakalatifah1039,tahu lagu keren ini malah dari anak 9th alias anaku...kaget selera dia keren jg dan makna lagu ini luar biasa dng perpaduan musik yang amazing. Teruslah berkarya...gas
@restearubyz,I'm here because it's chan's room and wow it's so good that I play it over and over again the song still gives me goosebumps
@defriosaka1651,"Editor: So how many thunders do you want?
Weird Genius: Yes"
@lutfiyara5188,"Mbak sinden : pengen party karo nyinden
WG : nyoh"
@zakirComment,Ex Limkokwing student from bangladesh 🇧🇩
@yeebee2016,"""Sara Fajira goes famous""


88Rising : we'll take her thanks"
@aidenray2458,"Anjir efek pas darkside nya itu loh astagah, udah make up ala Ahmanet, aura hitam kayak kemunculan Enchantress, lightning rage Mode nya Thor.  Gila suka bngt"
@jasslyndrw1009,"this song is really amazing and i'm also proud to be an indonesian stay, thank you chan and stays"
@showUtheW4Y,Suatu hari dimana covid dimana mana belajar dirumah cuma scroll tiktok seharian
@mursalinashari7387,Asli Keren...merinding gue seriusan... pas sara fajira jatoh merinding gua gk abis2....seriusan suka pake banget banget...next level indonesian music bgt ini...
@tortugastore6004,"EDM = dancing
GAMELAN = also dancing
EDM X GAMELAN = the CONJURING 4"
@yheefira,Gak kerasa udah 2023 lagu ini masih  terngiang di kepala.. Bangga banget setelah tau ini lagu Indonesia.. respect kepada tim weird jenius
@alimasyhar6419,"Lagu ini mengingatkanku saat PSBB, PPKM, PCR, Lockdown, Social Distancing yang semua amit² jangan sampe keulang lagi"
@reus-id4010,"I was born a fool
Broken all the rules, ooh
Seeing all null
Denying all of the truth, ooh

Everything has changed
It all happened for a reason
Down from the first stage
It isn't something we fought for
Never wanted this kind of pain
Turned myself so cold and heartless
But one thing you should know

(Kowe ra iso mlayu saka kesalahan
Ajining diri ana ing lathi)

Pushing through the countless pain
And all I know that this love's a bless and curse

Everything has changed
It all happened for a reason
Down from the first stage
It isn't something we fought for
Never wanted this kind of pain
Turned myself so cold and heartless
But one thing you should know

(Kowe ra iso mlayu saka kesalahan
Ajining diri ana ing lathi)"
@rassya2056,"HUSH HUSH JANGAN DISINI
GO INTERNASIONAL AJA"
@aninolate,"They are truly a genius... How they choose ""kuda lumping"" here, it show how toxic relationship really is. In ""kuda lumping"" there is an act of eating lamp and glass, but they don't feel the pain, just like people in toxic relationship, they hurt themselves but can't feel it. 

The music , song and her voice blend perfectly... 
I play it over and over again

Great job!!!!"
@padlizilikram1186,"3,7jt like ( terbanyak di Indonesia )"
@winateguh,"Weird Genius, they’re deserve world attention"
@waliyyimafaza4086,Damn! The Javanese part always giving me goosebumps!
@minyoonyoona9594,"Lathi emang seenak itu,suka banget,kesini lagi gara-gara chans room. Emang udah suka dari dulu,musiknya keren,yahhhh bener-bener cerdas yang bikin lagu dan musiknya,terima kasih"
@Yessisuswantoro1116,Rabu 1 oktober 2025 Here
@obloproject7477,"Yang merinding entah karena bangga dan tak bisa berkata apa2..
Like sini..
Kita Trending kan semoga tembus 100 juta tayang.."
@azzamzhafiraulia5459,That’s why I like WG. They can combine our traditional music instruments with our new culture. Well played!!!
@hlove3000,"Omg amazing song. Goo 100M views
I'm From South Korea 🇰🇷"
@wieow262,"""Ajining diri ono ing ati""

 when changed into English it becomes like this=
self-esteem lies in the tongue (ethics in speaking)"
@fariedfinan3003,Really...i got goosebumped when she's singing into javanese language....i'm not kidding this is a such beautiful song....really good song.....let's go out....LET'S GO INTERNASIONAL
@yogganugraha5746,Official song FIFA WORLD CUP INDONESIA U-21  LATHI
@nadiawinters7804,"Java translate:
U CAN'T RUN FROM MISTAKES,SOMEONE'S PRIDE IS ON HIS TONGUE(HIS WORDS)"
@muliatiabdullah9106,KEREN....pokoke AMAZING TALENT
@ismirahmahandayati8491,aih seneng banget krn mayan banyak inter stay yg liat budaya indonesia disajikan sebagus ini…
@ico9005,"""You can not run away from mistakes. Self-esteem is in the way of speech."""
@8BitExe_,"Eka Gustiwana : ""I produce this music not for tik tok kids""
Btw Nice CGI effect"
@sitipatimah8586,"Tau video ini september 2025, ya ampun kemana aja gue"
@parkdeeto8632,"1 bulan tembus 19 jt viewers dan 1,3 jt likes,....


Gas terus smpe 100 jt viewers...."
@asepcool8835,"SELAMAT!!!
akhirnya 100juta views sebelum akhir bulan Desember 2020"
@jayridwansyah,ORA WG ORA PARTY
@RudiHartono-td7vu,lagunya bagus gabungan jawa dan ingris
@minhee3142,Imagine how amazing the stage is if this song get to be performed on MAMA 2020
@wonggagahchannel4957,The Best ever Indonesian tradition concept with modern genre .
@kartikanadya8266,"the song, the music, the atmosphere, the mv, the dancer, the way you potrayed indonesian culture is so awesome!! i had shiver while listening to this!! and i like the story. i guess it's about toxic relationship, am i wrong?? if so, thank you for bringing out this topic!!! waiting for your another art"
@mofimo1536,150 million views. Let's make it more
@fajarcdt254,"Wajibb trendingg oyyy, ""NO WG NO PARTY"" !!!!"
@maryannelee3263,This song should win Best Asian Artist for MAMA 2020 I really hope for it.
@ythr5654,"ANJIRR MERINDING SUMPAHH!!!! 
KEREN BANGET !!!"
@putriayuni-f7w,1 Agustus 2025 hadir
@peoplesans1493,"Never wanted this kind of pain, Turned myself so cold and heartless


Lirik yg sangat tajam"
@yunuspanjaitan2938,"SELAMAT WG 1 JUTA LIKE
SO AMAZING BROTHER
SUCCES YOU AND TEAM!!"
@renoabineri9286,She's like enchantress from the another universe
@justliz-88,Decided to dance to this song after a long time thinking about this and it was great to get my anger out
@RyanYorkieJr,"LOVE THE LYRICS, LOVE THE MUSIC, LOVE THE CONCEPT, LOVE THE INDONESIAN CULTURE... This song is done perfectly!!! Good job Indonesia!!"
@rumahcewekcantik,"gw kira 𝗗 𝗘 𝗪𝗔 𝘿 𝙊𝙍 𝘼 gak ada lawan, RUPANYA beneren tidak ada lawan. jepe terus di kasih"
@LATURNIP,"100jt views hadiah terbesar untuk Indonesia di penghujung tahun 2020
Good luck WG
Thankyou so much udah mengharumkan Indonesia di Music International"
@evlynn_cu,lagu kesukaan gw duluuuu
@gapane88,"""MASTERPIECE""
""GO INTERNASIONAL""
""KERENNN""
hanya tiga kata itu yang bisa di ungkapin"""
@adfishftnaaa6361,"My FAVORITE song, a song that is a mix of modern and especially Javanese culture, a very beautiful combination that symbolizes courage that remains noble. Loveeee yooo🇲🇨"
@wulanyamari6591,"Bagus Plus Keren, semoga karya seni kalian semakin BERKIBAR ke seluruh dunia. 

*Agnez Mo, Anggun C Sasmi,kalian nontonlah ini sebentar saja,

*Mas Alan Walker lirik-lirik sedikit lah ke mari nyimak bentaran lagu Weird Genius

Siapa tau kalian mau berkolaborasi bikin album musik dengan Weird Genius️"
@LangprayOfficial,"INDONESIA BANGGA PUNYA ""WG"" 

Dari Segi Konsep nya udah gilaaaaa, keren banget anjir, apalagi bawa unsur kebudayaan. sekali lagi KEREN buat semua yang terlibat dalam project ini."
@ririnpsptasri4966,this music video should go into trending. why tf they so underrated even in their own country. they deserve better than this!
@didincahyoofficial5035,Indonesian have musical talents from various cultures'
@ironicscrap,Gaes gimana editan parody gw:p
@justnobody9101,"Whoever produce this music, they are in a GREAT TEAM."
@AndiMauludy,Vibes ramadhan 2020 #dirumahaja #psbb
@ellnino9617,"If this song compete in Eurovision Song Contest, there's a big chance they will win at the contest..

This song is a masterpiece!"
@sihambh4435,"Oh my god the production is insane the vocals, the visuals everything's amazing I'm glad I discovered this song from Chan's room"
@richardjames2339,"Wowww.. This is what called as Masterpiece. The music, the lyrics, the vocals, those feelings when that traditional music played is Amazing. Wonderful job."
@G0BLOCK1,"Song lyrics
I was born a fool
Broken all the rules,
Seeing all nul,
Deying all of the truth,
Everything has changed,
It all happened for a reason,
Down from the first stage,,
It isn't for something we fought for,
Never wanted this kind of pain,
Turn my self so cold and heartless,
But one this you should know;
:Java: Kowe Ra ISO 'mlayu 
Saka (Soko) kesalahan,
Ajining Riri ana(Ono)
Ing LATHI
:English:pushing through the,
Countless pain, and
All i know that this love's a bless
And curse everything has changed,
It all happened for a reason,
Down from the first stage
It isn't something we fought for,
Never wanted this kind of pain,
Turned myself so cold and heartless,
But one thing you should know;!
:Java: Kowe Ra ISO 'mlayu,
Saka (Soko) kesalahan,
Ajining diri ana (Ono) 
Ing LATHI♪

Lasttt"
@fajrikurniawan8976,"if it's like this you have to go internasional introduce indonesian culture, this is the next level music indonesia. WE PROUD OF YOU!!!"
@randytriedop.1681,"The javanese enchantress, do i wrong if i have this opinion? The way ya compose the song so much great. Thumbs up..."
@abdansyukur9290,Suka bangett perpaduan jawa sama inggrisnyaa gilaaa baguss bgt asli merindirngg
@risnadamayanti28,"Selalu Merinding pas edm gamelan, keren"
@zaxep,tak berasa umur saya dah tambah 5 tahun
@apriliadeby,SUMPAH SIH INI KEREN BANGET ANJIRRRRRRRR AH
@gubby_officilal,"Anjeun Rama sawarga Lumpat ti Kasalahan kuring dina ngalakukeun bela diri Di lathi

Versi sundanya ges"
@evelynearhiandi3947,"Gua like²in semua komen yg gua liat biar trending,gila sih keren bgt"
@HilalNurfadilah,This is next level local pride🇮🇩
@putunovi1300,"Me: How to stop listening? 

Lathi : you have no way out brooooooh"
@mega.raharjo,1 oktober 2025 hadir
@blackpanther4139,"Ziggi zagga : *look i am a masterpiece 
WG : hold my wayang.."
@HajarInfo,"Sinden : ""Mas aku pengen nyinden pake party.""
WG : ""Gass. Loss ga pake lama."""
@hermadiny4563,wow  the universe should know this masterpiece exists
@tuturirayiugihayati7632,"Udah dengerin berkali² tetep aja merinding

Piye ngene iki?? Jan apike"
@dimasrhamandhaprhathama3242,"SUMPAH BERKUALITAS DONG....
And i just say THIS IS INDONESIAN STYLE.....!!!!!"
@chic1tooo923,am I the only one who get goosebump every time the song is drop ?! Like wtf? this song is so fckn great !!
@WLAZHE,"well guys actuallyyy this music video has been on top of my list but i didn't open it. Cuz i dont know who is it(group or single). And every single i watched some video and there's always been""kak react lathi dong react lathi dong"" and i was like who is it? Cuz i never heard that name. And today i saw a video and i read it again ""lathi dong kak react lathi"" and i feel okay i should find it. AND NOW THIS IS THE TIMEEEEEEEEEE WAWWWWW even i dont understand what is song about i feel amazed cuz there's indonesian culture ( jaipong tune?) if im not mistaken. As an indonesian and half javenese from my mom im so proudddd even i dont know who is weird genius or wg but again you guys are rock! Nailed it!!! Trendingkan gaesssss tembus 10jt🇮🇩🇮🇩🇮🇩🇮🇩🇮🇩"
@farahidris5808,THIS MUSIC DESERVE MOREEEEE
@hildaindria4859,Jd teringat wkt covid
@mfr0162,"Can we all Imagine if this song is the Official Theme Song for any International Events that held in Indonesia? I mean, i imagine if Miss Universe held in indonesia"
@mnfa8562,"sinden : mas aku pengen nyinden
tapi karo party
mas : wes"
@arf_gsx_q1021,"Ko, Gw Merinding Ya Dengerin musik Nya 


Tapi ini mah keren abisss budayakan Indonesia ta, di sangka mengejutkan"
@ApriantoDeki-s3k,"Udah 5 tahun, tapi tampil lagi di beranda"
@vandoovy,3 months later  Weird Genius collab with Alan Walker in tomorrowland
@mellsssssss-n9k,The first i heard this song from my student when she did the tiktok editing i thought this was a western song but wow when i look for it on youtube its from my own country such an awesome song. I’ve fallen in love with this song and also the MV
@barbuemordez9099,Me  gusta mucho el tono vocal de la chica!!
@QiZYY-78,"i think this song was from international artist.. omg this from indonesian industry , so talented .. good jobs.. hopefully u will be the top one on international industry one day.. may god blessed u.. 

salam from malaysian"
@joshhvr,"Kok W Merinding Ya Denger Lagunya🇮🇩
Pokoknya Budaya Indonesia The Best Lah🇮🇩
We Should Proud Be Indonesia People🇮🇩"
@allisadzakwan5332,this is MASTERPIECE!!! CANT GET RID OF THE GOOSEBUMPS
@nienaarifin9575,Kesenian daerah ku jaranan kesenian nasional wayang
@w_aww_awww,"This is a good song!

Unpopular opinion; 2:21-2:26 avatar aang and fire lord ozai battle scene mode on


Edited: thanks for the likes!"
@suryaadip1004,"Salut,
Keren banget garapannya,


Diulang - ulang belum bosen eh"
@dikicandra4021,Indonesia pride
@muhammadikbbar1075,Gila sih 5 tahun sudah dan di 2025 ini gapernah bosen buat denger dan nonton video nya
@SwaritSohaard,This song is Awesome . This is one powerful song . I love this a lot . Indonesian music at its very best . Huge respect from India 🇮🇳
@yellowd3035,"I think it is just remix that someone made when i heard in tik tok. Wow this song beautiful, especially the chorus! Can't wait another song"
@ILYTH23,"Im a Mexican American, I stumbled upon this song from an indonesian makeup artist on tiktok. and I am obsessed with this song!!"
@islam_back108,"I was born a fool, 
Broken all the rules, 
(Ohh) 
Seeing all null, 
Denying all for the Truth, 
(Ohh) 
Everything has changed, 
It all happened for a reason, 
Down from the first stage, 
It Isn't for something we founght for, 
Never wanted this kind of pain, 
Turn myself so cold and heartless, 
But one thing you should know;

0:56 
Star part

Kowe ra iso 'mlayu
Saka (soko) kesalahan, 
Ajining diri ana (ono) 
Ing LATHI! 

Pushing through the, 
Countless pain, and 
All i know that this love's a bless and curse
Everything has changed, 
It all happened for a reason, 
Down from the first stage, 
It isn't something we fought for, never wanted this kind of pain,  turned myself so cold and heartless but one thing you should know;

2:16  
Star part 2

Kowe ra iso 'mlayu
Saka (soko)  kesalahan, 
Ajining diri ana (ono) 
Ing LATHI!  


END

Edit: pin me?"
@muhammadhendri4263,"Musicnya kurang ahhh



Kurang lama"
@sugiantogunawan2123,I never like upbeat songs. But I do with this one. Salute!
@mc.udaloli6453,"YA ALLAH TO BE HONEST, IM CRYING TO HEAR, AND WATCHED THIS VIDEO ALSO THE ACTOR INSIDE ! , YOU KNOW WHAT ? YOU HAVE MAKE INDONESIA PROUD WITH THIS, I HOPE YOU CAN GO INTERNATIONAL AND ALWAYS BRINGING THE SONG SUCH AS THIS , WHICH IS CONTAIN OF INDONESIA CULTURE INSIDE  :)"
@PutoriHasibuan,Judul lagu bahasa Indonesia nya like 1 dong: Saya terlahir sebagai orang bodoh melanggar semua aturan melihat semua nol menyangkal semua kebenaran semuanya telah berubah semuanya terjadi karena alasan sejak tahap pertama itu bukan untuk sesuatu yang kita perjuangkan tidak pernah ingin rasa sakit semacam ini membuat diri saya begitu dingin dan tidak berperasaan tetapi satu hal yang harus Anda ketahui Anda tidak dapat melarikan diri dari kesalahan Anda kesalahan melakukan harga diri terletak di lidah (kata-kata) mendorong melalui rasa sakit yang tak terhitung jumlahnya dan semua yang saya tahu bahwa ini semua cinta adalah berkat dan kutukan telah mengubah semuanya terjadi karena suatu alasan sejak tahap pertama itu bukan sesuatu yang kita berjuang untuk tidak pernah ingin rasa sakit seperti ini membuat diri saya begitu dingin dan tidak berperasaan tetapi satu hal yang harus Anda ketahui Anda tidak bisa lari dari kesalahan Anda salah melakukan harga diri terletak di lidah (kata-kata)
@feggymelati9471,"Big thanks to Reza who suggest that Javaness lyrics in this song. It was so fckin' epic godamnit!!
Krna setau gue lirik bagian ""kowe raiso mlayu.....dst"" itu bhs inggris kan.
Gila sih ini woy lah ah menangis sambil jatuh cinta."
@xovlovl,"Udh 100 jt aja nih,, seneng banget gw gilasihhhh karya anak bangsa,, lebih dari kata keren pokoknya,,,"
@putriyulistiarahayu2553,"Ini Epic parah sih 

Harusnya lebih bs trending dari lagu Tiktod"" goyang mamah muda ndasmu
  --- I Love Indonesia ---"
@NeneEndoh,
@mr.chunkie3973,"Iki sik jenenge luar biasa.
Edaaaan.
Pancen istimewa."
@armansubagus5347,Kalo bisa like berkali kali bakal gua like trs nih anjir
@bgsyogi9581,"Wow ini keren banget sih kalau Indonesia ada cara penghargaan buat musisi gitu nih harus banget masuk chart musik dan trending
Lagunya easy listening dan memadukan musik edm+Jawa(gamelan) dan music Vidio nya nggak kalah keren banget memadukan budaya jawaaaa sumpah ni harus banget di buat story' versi"
@vika.lelozee,You rarely get on TV? The song is great so I really want to see it on TV!
@lowButHigh24,"LANJUTTT GASSS GO INTERNATIONAL

Budayakan negara sendiri bro gih sana gass to international 
The best lah buat lu bro mantapp"
@nhojmatata8682,And this is what happens when INDONESIAN music industry took it to another level! I love it sooo damnnn muchh!!! #Salute
@fadliasyrofil8056,I really appreciate this song and all crews who were involved in making this awesome song. Hope u all guys goin to international soon
@Ryūken_ish,"tiba tiba fyp, gak kerasa udah 5 tahun lalu.."
@aldojoeee,Seriously I Amaze really Amaze...That Awsome and I can feel the purpose of every lyric plus Sarah U Damn it!! Ur voice when slow part touch my heart then move to java part OMG SARAH UR VOICE DAMN IT!!!
@mej009,to be honest tiktok brought me here....
@reksifauzi8933,A director is REZA OKTOVIAN? DAMN MAN THIS IS AMAZING
@nurliaShafiqah,Never forget this song
@oliversilver95,Can someone tell me why I’m crying? Or is it just some connection with this music
@ranggadevio590,Kenapa ya gw klo denger ini merasa bangga yg sama like
@dayangnurhima6361,"I am a Malaysian people but i love it!!  Dude u must go international level... Ahh i cannot stop heard this song  

EDIT:wahh?!Thanks for likes... I've never had so much like this"
@indahmr9067,here i am from 2020 into may 2025
@FachurroziRozi,Istimewa
@keirio9748,"that Javanese words gave me chills all over my body, as a Javanese i can really relate to the culture you tryna brought"
@Dany-ge7mh,"Efek song: Jawa
Lagu pembawa: barat 
Jadi kita tau bahwa persatuan tidak memandang negara dan kebudayaan"
@kennardputra1895,"""Enchantress"" dngan ke aripan lokal"
@ythro5829,"tradisional or modern
WG : ""why not both?"""
@just_happy88,"Selasa,30 september ."
@yunkashrin609,"When i heard this on tiktok, i thought it was a mashup. But rather the whole song."
@andodepraska,"thanks weird genius,,kalian membuat lagu perpaduan eletric dan budaya indonesia,,kejawen'y keren banget,,sukses selalu."
@lolitajunistia9765,"I cant say anything ,, i really like this song"
@yara_kaily,I'm remember when i'm 9 Years Old i wach this
@muhammadqodry6347,"merinding pas di bagian lirik jawa nya asli, enak di denger bgt"
@AriwayatBilhaq,I can’t imagine this song is coming from Indonesia if there is no Javanese lyrics. Remarkable concept of clip. It must be a lot of work.
@alvindwiaditya6300,Banyak²in like biar trend
@nakbima880,sumpah lagu terbagus kedua di indonesia bagus banget
@fadhilsaufi1519,Fuhh best weh ada jawa rhythm dalam ni. Gempak la Indonesia! Salam dari Malaysia!
@Kaminariiedits,"mendapatkan 1,2jt like dan dislike 7,3rb dalam 16jt view bukanlah hal yang biasa dalam video permusikan di youtube, itu angka yang sangat fantastik 
-
*edit
satu hari setelahnya komentar ini dipublish :
19jt view, 1,3jt like, 7,8 dislike, 997rb subs,"
@MrSandyster,"Lathi (Javanese) : Perkataan / Ucapan.
a person's personality is judged by his words"
@hj.ikrimahyuliana,2025 gw masih dengerin lagu ini
@meivs524,Lingsir Wengi Remix Full Bass left the chat . . .
@sarahnurzafira522,The only unacceptable thing about this song is it ends too soon
@pro.gaming5839,"KESEL BETT GUA KENAPA YANG EPIC BEGINI GA TRANDING !!!!! PADAHAL BANYAK ORG LUAR YG REACTION ...
PARAAHH BENERRR"
@sendifebriana,Nostalgia.
@noeyla7814,"Me: Bolos cabut sekolah pas pelajaran


Guru BK: Koe ra iso mlayu"
@pinkgangsta6157,"EDMxGamelan ini punya potensi besar banget. Banyak musisi dunia yang belum kenal sama Gamelan lalu bertanya² ""hah ini instrument apa instrument apa ?""
Soal reaction Bangchan, dia amazed dengan bagian drop sampai diulang-ulang
""Ini drop kok bisa kayak gini ?"" 
dia paling bingung bagian itu. 

Klo Gamelan ini diangkat ke internasional keren sih"
@muhammadridho6312,"Gua liat ini berulang ulang sambil ngerasain bangganya budaya Indonesia bisa dilihat di sini,
Gua jadi ngerasa bangga sendiri liatnya.
The best"
@brianglass4249,아주 좋아요
@febrisulistianagayatri8838,"Pencipta lagu, penyanyi nya, produser, dan semua yg terlibat dalam lagu ini, kalian kereeennn...
Kalian gak pantes cuma keliling indonesia, wajib go international
Trendingkan!!
Trending trending trending!!"
@ulinnafiah3160,"I was born a fool
Broken all the rules, oh-oh
Seeing all null
Denying all of the truth, oh-oh
Everything has changed
It all happened for a reason
Down from the first stage
It isn't something we fought for
Never wanted this kind of pain
Turned myself so cold and heartless
But one thing you should know
Kowe ra iso mlayu saka kesalahan
Ajining diri ana ing lathi
Pushing through the countless pain
And all I know that this love's a bless and curse
Everything has changed
It all happened for a reason
Down from the first stage
It isn't something we fought for
Never wanted this kind of pain
Turned myself so cold and heartless
But one thing you should know
Kowe ra iso mlayu saka kesalahan
Ajining diri ana ing lathi"
@rezafahleviio1,"Wong jowo like' disek boss. .
!!!"
@SYAITANNYAHU,Oktober 2025
@goriandriyanto2269,Ayo viral kan vidio ini yg setuju like di bawah  ayoo monggo coba dong jawa
@robertusandhika1122,THIS IS A WORLD CLASS SONG  DUDE !!
@Catsosaurus,"Never been so proud while listening to a song, this is a masterpiece hope you guys can go international and more people recognize your music."
@kris_suka_69,"Actually Your first sentences. Became a realty in August 2025.. 

So many chaos at my country."
@rigamulya7735,102jt
@ucudiniati3435,klo like nya bisa mencet 100 kali aku like 100 kali nih vidio
@stevensantoso5289,"damn lathi been so famous back then but yet still played in Autralia in music""s station emang pecah lathi, love from Canberra Australia"
@emmanuelbenny6791,I heard it when I'm still young and remembered my memory and the dance is cool
@bujurcrewchannel114,Kayak gini gak TRENDING Indonesia aneh . Giliran Culametan Trending . Hadeuhhh
@imozzly7754,"she is good action when she take the thunder to she body.
Good job guys, we proud of you 
uppsss sorry if my english so bad"
@pandupratama_1339,1 minute of silence for all people who can't find this song
@putrimaharani5942,Lagu ini spt membawa kita ke dimensi lain..dunia penuh mistik dan kt kehilangan kesadaran.wow banget
@yndslv,ada yang dari 2025 dan kengen lagu ini?
@PratiwiBangapadang,Hai aku dari masa depan tahun 2025... Inget banget yha tahun 2020 masa corona
@Muayinnetherland,Saya kerja di belanda di salah satu restoran siap saji pas kita kerja tuh biasanya ada musik suatu hari saya request buat di puterin lagu ini teman² saya dari berbagai negara ga nyangka sekeren itu musik dn lagu Indonesia sampe mereka searching sendiri soal musik indo
@AntonBandar,Aseeek..
@mirahwulandari5052,Krenn oarah... Q kira bukan orang indonesia penyanyinya.... Baru sadar.... Ada lirik jawanya
@somanitaly5922,I'm from Cambodia love this song
@justlockyn,"Lagu zaman covid, udah 5tahun aja"
@Zaitsevka,"Wait seems i repost this before.
Everyone: find this on tiktok
Me: FIND THIS AT SPOTIFY


Oh damn my grammar is sucks"
@mizzanul1390,"Eh ini harus go internasional ayo trending kan gua pengen weird genius mendunia ayo trendingkan biar weird genius seperti rich brian, Stephanie putri, Niki, Agnez mo, yang udh go internasional gua salut bro tetep semangat untuk berkarya buktikan anak bangsa bisa go internasional"
@myzy457,"edit tan ama edm anjayy, nyampe merinding gitu gua dngernya"
@iputupurnama8481,Ak Bali agm Bali ️️️️️
@ooobzv,"I really love this song! I'm a gamer, and I can say, this kind of lyrics, tuning and everything are so eargasm for us! Just my opinion"
@Ihduycp1825,"Just my opinion, ini salah satu lagu/MV/karya yg dikemas secara apik, yg dibuat secara ga asal asalan. Karna jujur, gua dengerin ini ga berenti berenti. Padahal gua peka banget sama suara tembang/gamelan/apalah itu disebutnya yg mana gua gasuka banget kalo udah denger suara kek gitu (karna gua emang kurang suka musik kek lingsir wengi). Alasan gua ga berenti dengerin ini mungkin karna genrenya EDM. Dan emang gabisa boong gua, ini bagus parah. 
Bahasa jawa dan bahasa inggrisnya dicampur tapi enak didenger dan ga terkesan ""MAKSA"". Pokonya bener bener bagus banget si. Top banget.
Semangat Weird Genius. Tetep bikin karya yg apik alias ga asal asalan yg cuma untuk viral gajelas kek yg udah ada di negara ini -_- wkwkwk
P.s : ini opini sendiri ya, maap kalo ada kata kata yg kurang enak dibaca"
@peleddragon8098,"Liat d fb ada yg posting lagi ini, dia pun heran kenapa lagi kayak gini gk boming di negri sendiri,.
Dan giliran gw dengerin lagunya,
Gw pun ikut heran, lagu sekeren ini ko gw malah baru denger dan kenapa gk banyak orang yg ngeshare,
 baru kali ini gw dengerin lagu sampe merinding,..

Lanjutkan karya andan, lestarikan budaya kita. 
I like your song"
@rikoardian6159,"Ayok guys tembuskan 1 jt like
Karna karya sepwrti ini layak mendunia"
@dhaniiieey3906,"Ditonton : 16juta
Like: 1,2 juta


Yang dislike ga ada akhlak"
@ginam5189,Gaada tambahan tombol like? Bagus bangett woy
@rahmanhakim958,UP TRENDING NUMBER 1
@PutraRahman-l2u,Gw di 2025 pen nonton youtube eh ketemu sama lagu ini jadi nostalgia keren sih indonesia bisa bikin lagu bagus kayak gini sampai orang luar negeri juga reaction super GG bangga gw
@kojekterdampar8924,2025 mampir kesini coment
@tisnaanidia21,"Balinese done
Javanese done 

next Sundanese , im hoping ??"
@herikurniawan2801,"25oct14..
after long time comeback here again, the geniusm of arap and eka.. #bigrespect"
@shevoka9092,This song makes me wanna raise the red and white flag on Himalaya mountain
@adelaidemey4911,"This song is killed
this is in another level
proud neighbor Timor-leste🇹🇱"
@adityggataudiri672,"Reza arap, Eka , Gerald , sara and all people behind the scene..
Congrats and thanks bro for making this amazing art"
@yuniwahyuni1001,gak kerasa udah 5 tahun lagu ini dan aku masih terngiang
@BOCAHDUGEM,YANG MASIH DENGARIN SAMPE SEKARANG MANA NI SUARA NYA
@yosu4ditya394,Punten Jawa like
@otaku_chan5575,"I came from the challenge, this is the first time I listen to an Indonesian song 
And MAN That’s dope !! The melody is always in ma head ! From Morocco 🇲🇦"
@yokjejalan,"I was born a fool
Aku dilahirkan sebagai orang bodoh
Broken all the rules
Merusak semua aturan
Seeing all null
Karena semuanya nol
Denying all of the truth
Menyangkal semua kebenaran


Everything has changed
Semuanya telah berubah
It all happened for a reason
Itu semua terjadi karena suatu alasan
Down from the first stage
Turun dari tahap pertama
It isn’t something we fought for
Itu bukan sesuatu yang kami perjuangkan


Never wanted this kind of pain
Tak pernah menginginkan rasa sakit seperti ini
Turned myself so cold and heartless
Mengubah diriku begitu dingin dan tak berperasaan
But one thing you should know
Tapi satu hal yang harus kau ketahui


'Kowe ra iso mlayu saka kesalahan
'Kamu tidak bisa lari dari kesalahan.
Ajining diri ana ing lathi'
Harga diri seseorang ada pada lidahnya (perkataanya)'


Pushing through the countless pain
Mendorong rasa sakit yang tak terhitung jumlahnya
And all I know that this love’s a bless and curse
Dan yang kutahu bahwa cinta ini adalah berkah dan kutukan"
@Ttaqin9,"Pak Soekarno tersenyum melihat ini!!!
Semangat berkarya boss"
@denyyudanto99,Oktober 2025 are still??
@indahramadhina661,"pertama kali denger lagu ini tuh dikantor krn ada temen yg puterin, langsung tanya INI LAGU SIAPA KEREN BANGETTT.
Baru diawal aja udah ngerasain kek ""ini musik yg dari dulu gw pengen woyyy"" karena emg seneng banget musik tradisional dr SMA udh main cetik (alat musik tradisional lampung) pas kuliah main gamelan.
Makin ketengah"" lagu ini makin apik banget ya ampun kok bisa buat musik sebagus ini.
Gatau kenapa kek ngerasa merinding dan bangga banget gitu dengerinnya:')
HARUS GO INTERNASIONAL!!!!!!!"
@meezoneky,"Ga kerasa ya, 2020 sudah 1 tahun"
@xuieee0,kangen lagu ini
@rameyzan,Salah satu musik Indonesia yang keren bgt. Tanpa plagiat konsep musik luar
@muhamaddzakiakram,"WG FOR FIFA WORLD CUP U20 2021 ""OFFICIAL MUSIC ARTIST"""
@alehartzler2027,"""Lathi"" Musik yg bergenre EDM pertama dari Indonesia yg gue SUKA. Lirik nya easy listening, Video clip nya  ganasss dark-Gothic, story nya cukup general) toxic relationship) tpi di kemas dgn EPIC. Bahaya ini utk musisi lain.

Congtatzzz bro!"
@pangkasrambut8818,merinding!
@rengga6464,"Muda2han dgn video ini dpt, mengangkat budaya dan tari jawa, temenku ada yang cari nafkah dari tari dan atraksi ekstrim jawa dan penghasilannya kecil bgt, karena popularitas budaya tergeser jaman dan minat masyarakat untuk melestarikan, mulai menurun."
@pandhukurniawan944,"human : thats a amazing music video
dedemit youtube : siipi ying kisini giri giri nintin bli bli bli hilih kintil"
@zidangmg617,"ONOK SENG MERINDING PASS LYRIC BHOSO JOWO NE?!!!! 

Seng podo Like"
@candrawiranata1206,100JUTA VIEWS?
@icaazainal9504,I’m from malaysia but i really love of jawa culture
@heninggadas5574,Almost 50 millons baby...Lets goooooooo....
@mel_fans-01,Bro i nostalgia...
@laurazenda2412,"Ini baru karya anak bangsa, bukan lele."
@ve9209,"Wong jowo endi iki 
.
.
.
.
."
@irfanmontana,Sumpah ini lagu keren banget yg dislike generasi tiktok itu .Bung Karno pasti disurga bangga dengan karakter Indonesia dicampur dengan lagu ini .Gua doain go internasional amin
@yogixfriends4,Lagu jaman covid-19
@DlyySheeshh,"DENGERIN 1× : LAGU APA SIH GAJELAS
DENGERIN 2× : MASIH GAK PAHAM 
DENGERIN 3× : MANTEPP SLUURRR"
@Babebu,"Sopo sg Mrinding pass lirik jowone
Sg Podo like..."
@shofiyaalqanita3979,Lagu nya bagusss banget pesannya sangat mendalam aku suka
@arvintokarijo8350,Woowwww! The song and video is sickkkk! As a javanese myself I am super proud to see and hear a representation of the javanese culture. Thank u! Greetings from Suriname! 🇸🇷🇸🇷🇸🇷🇸🇷
@reinaldirongrean9099,"Indonesia . Mana nih yang masih setia dengar musik ini Tahun 2021. . Tahun lalu Java, Tahun Ini Harus ada Dari Kalimantan, Sulawesi, sumatra Dll"
@disinibisa2987,"Mau dimana pun itu kalo udah puter lagu ini gak bakal bisa sekali lewat doang. Puter 100 kali juga aku lakuin. Wkwkwk 

Udah setahun aja ya, dan you are the best. 
Masuk di Billboard kereennn 
No 2 di  internasional 

Semangat terus karya anak bangsa."
@megachan.wings138,Edm + Gamelan = mantap
@ranggawidiyantoro6756,"Orang jawa asli pas lirik Ajining diri soko lathi pasti merinding asli


#WONGJOWORAILANGJAWANE!"
@Vista8899,"Damn..! It's an incredible music and song both at the same time. I ️ it so much.
Proud to be an Indonesian.."
@ekaputra924,"Udah sepi yg nonton, ayo lah tembusin 100jt view"
@kedondongofficial,Tiba tiba kangen lagu ini
@donii969,kok komentar nya rata2 banyak dapat like ya?
@Hajiwth,"We love Indonesia🇮🇩🇵🇭
(edited) thank you guys for the likes"
@StoryFiaAsyad,Dalam hati “gw kudu ikut komen sama like semua komen biar jadi tranding ini lagu” keren wouyyy !! Pegel pegel dah tangan :(
@Lalaela560,Nostalgia era
@ucoktupamahu9997,"36 Millions view , and still kekeyi is no 1 on trending ? It's speechless , wow ."
@joditaufiqurrahmanshalih8947,"Sumpah di didengerin berulaang ulaaangg kali gk ada bosennya smbil jlan kmna"" pke aerphon malah jdi candu Karya yg sngaat luar biasa tanpa battaass..!!! EDM dengan unsur budaya kita yg bkin good job mkin mantap trus berkarya & ciptakan musik"" Edm yg berkualitas sperti ini dri negeri menuju Dunia,,, Donald Trump tepuk tangan berkali"" ngeliat ini
Kim jong un tercengang ngeliat ini."
@blimbink1886,Gass 200 jt lurr...
@NuliaL-mq2lu,"The best song, the best performance"
@NovaSya-zw1ni,This is very cool .. geez I have commented 2 × because this is very very very good .. From the beginning to the end nothing was lacking or ugly .. because uwaww is too good .. Lathi is an old Javanese language as far as I know ... and in the sense that Indonesian is tongue / speech ... maybe this is as far as I know
@hernash-hk,This song made me goose bump  when the chorus take role
@madiosdios4545,FIX INI SIH YG DISLIKE PASTI ORANG GAPTEK DISANGKAIN TOMBOL DOWLOAD
@SusiAuraWati,jadi ke inget sesuatu yang membuat ku lumayan trauma
@senang_belajar19,"Ini yakin ga trending nih , what hapen of my country ? Apa cuma konten sampah yg bisa trending , woii ini karya cuk , sekelas global gini ga trending udah pada budek sama buta kali ."
@ITZALYA_WOLF_,"AKU BANGGA SAMA KKSEMOGA LAGU INI JADI LAGU TERBAIK DI DUNIABIAR INDONESIA POPULER
LAGUNYA WOWWWWWWW AMATTTTT GILAAAAAAAAAAAAAYA TUHAN AKU SAMPAI TAK BISA BERKATA APA APASEMANGAT KABEST SONG EVERRRRRRRR♡♡♡♡♡♡♡♡♡♡♡♡♡♡♡"
@robertjoe5858,This music no.1 in my playslist my IPHONE music Application
@jaysoncastillano7284,This music makes me goosebump i really like the music most timely and unique. From Philippines🇵🇭
@cilexkarta6371,"Weird genius
Emang jenius
Good job brother and sister
Like this song really like this"
@SamuelIDAja,"Jadi pengen ngumpulin orang yang abis nonton Lathi langsung liatin orang luar negeri Reaction Lathi juga 
Banyakan sih bilang karena bangga aja rasanya jadi pengen liat orang luar reaction ini"
@Muff_Channel,Still here
@hyperxxx4494,"Bagi yang membaca mohon beri dukungan terbaik, terbanyak demi mengpresiasi karya Indonesia agar mereka mendapat tenaga, dan harapan bahwa mereka dihargai , agar usaha mereka tidak berhenti sampai disini. Dukung yang memberikan hal positif bagi negara mau karya sekecil apapun itu.mohon bantuannya"
@rnzkyryn,people who don't come here because of tiktok are legends
@aciakgaming1758,"Sumpah yaa,,,w bangga banget sebagai orang indonesia,,,skrg indonesia udah mulai jadi sorotan orang2 luar negri,semoga cepet kelar project lu yng baru bang arap,,,w bangga banget sama lu bang,,,trus berkarya bang,,,bodo amat lah ama bacot2 orang yng kaga jelas"
@Izzanuraliyah,I used to wear this when I performed at school.
@elrenagatha6978,"yeahh. go to top trending . indonesia jangan bodoh"" memilih lagi. jangan lagu yang gk jelas bisa trending... yoshhh we keep support this song"
@ikhsanskuyy2627,"Pertama denger , B aja
Kedua denger , B aja
Ketiga keinget terus sama lirik jawanya , lumayan suka
Ke empat , terobos ajalah anyink download"
@luthfisyahrial,"ASLI TERHARU, baru kali ini lagu EDM+Tradisional bikin BANGGA INDONESIA!!!"
@RismanSolsagann,WHAT A GREAT SONG
@mariasusanti928,"Karya bangsa sndiri kok masih di dislike ya
Padahal keren bgt"
@desria1772,Balek ke sini lagi setelah liat dance version dari 1Million Dance
@ellafordaningsih902,Siapa yg ngulang2 lagunya sambil baca komentar yg keren2 ini likenya manaaa
@AlviAaa-y91,Who would have thought that the person who made this song came from Indonesia
@eake1439,"The witch is like comes from suicide squad villain,the light from the man look from the Avatar
Overall,I love it,rich with cultures
Maybe the next Alan Walker???"
@euphoriabunyy,Indonesia bagus salam dari Malaysia
@RavinsBoyizDrop,Tembusin 8 juta likes agar masuk 100 besar lagu dengan like terbanyak di dunia!!!!
@fulanahbintifulan1445,"Asli merinding
Ags'25 kumpul.."
@faa4792,Seng ngoroso awak e wong jowo like e slur
@zaidanzf_,if lathi hit 100m views it would be LIT
@sakuzya7090,The culture mix with modern make masterpiece like this
@sydj696,"5 tahun lepas sia dah 2025 days
10/8/2025"
@nadyasavira0422,Emg keren bgt sih ini lagu. Sampe hari ini gue dengerin pun masih merinding denger nya.
@metrizalkomet8365,"I'm from brazil,, i like this song so muchhh"
@imammaulana9778,Aku anak melayu riau bangga jadi anak indonesia🇮🇩🇮🇩🇮🇩
@acayamayama5136,Lathi : Lidah yang berarti kau tidak bisa lari dari perkataan mu itu
@shofiyahfathani3150,Yang dislike fix yg beli kuota harian nih pasti karna ga bisa nntn video smpe habis-_- masak video sebagus ini ada yg dislike
@kharismanadagroup757,Gua gak bisa komentar apa apa ...luar bisa bangett... Keren salam dari rusia..
@aviansyahibrahim5778,"Akhir tahun 100jt view, yok Indonesia bisa"
@GabrianIvander,This song made by Indonesia wow
@kristian_sibarani,"Lets be honest, this wasn't in your recommendation, u searched for it..."
@feli.c9910,we need a petition for gmmtv to use this music as 'the gifted: graduation' ost
@yukris5644,"Semoga bisa 100 juta
1 Juni 2020 : 34 juta"
@4bdoe.e,THIS IS INDONESIA️
@nyenyenye630,"Yang harus trending#1 itu ini bukan, boneka boneka boneka gak jelas, ini karya memperkenalkan tanah air 🇮🇩🇮🇩🇮🇩🇮🇩"
@syafaaterzs,"ɢᴜᴀ ᴋᴇsɪɴɪ ɢᴀʀᴀ ɢᴀʀᴀ ɪɴsᴛᴀɢʀᴀᴍ ʜᴇsᴏɪʏᴀᴍ_ (ʜɪsᴛᴏʀʏ ᴠɪᴅᴇᴏ ᴋᴀᴅɪᴛᴀ)




ᴇᴅɪᴛ : ᴀɴᴊᴀʏ ᴜᴅʜ ʀᴀᴍᴇ"
@annasanwar1096,Yang masih dengerin lagu sampai sekarang siapa
@ceptegarmuharam5601,Vibes 2020
@Vract,Gw
@dedydoow7802,"Soo deep.. I lov this song, 
Can't stop listening everyday.."
@multazamnazli1076,"Yang dukung WEIRD GENIUS dapet piala musik award 2020 like dan kometar, ""setuju"""
@hilmirailfans,Is music inspirasion for tradision majapahit (indonesian)
@reganslism3947,"Positif aja Mungkin Yang Dislike
Sering Nonton Kekyi Mukbang
Jadi dah biasa dislike,Atau memang gasuka
Dan buat yang like
 I'M WITH YOU"
@satriaajipangestu3338,Masih aja heran.... Kenapa bisa ga trending???????? Sekeren inj g trending cuk...
@bellasetiani4617,Woy sekeren ini masih ada yang dislike? Yang dislike ga ada akhlak jir
@lyn_cutie1890,I love this song
@sportskuy7539,"Lagu EDM x Tradisional yg lagi trending:
1. Lathi - Weird Genius 
2. Mother Earth - Alffy Rev"
@cikalsylvia3192,"itu yang dislike sebanyak itu sini sini cerita sama aku,kalian nonton sambil merem kah? TRENDING KAN REK!! huhu"
@syakirartofficial8960,SUMPAHHH YANG DISLIKE GA ADA AKHLAK WOYYYYY
@andreasssx,Masterpiece.
@wahyuaji705,"Entah kenapa aku jadi teringat kisah rorojonggrang. Yang mengisahkan cinta pangeran terhadap seorang putri. Cerita cinta itu berakhir dengan sebuah kutukan. 

Karena! Sebuah PERKATAAN bisa mengubah segala alur cerita kehidupan.

AJINING DIRI ONO ING LATHI

Karena aku orang jawa, Aku selalu merinding tiap mendengar kalimat "" ITU "" di lagu ini

Selamat buat semua yg terlibat di dalam nya"
@fachrysandra6303,"Anjiiiirrrrrr saluttt bgt karyanya, gue harap bisa terus memajukan musik indonesia, DANN PLEASE JGN SAMPE DI REMIX AMA GAGAK."
@yunojung8344,"Itu yg nge dislike maslhhnya apaan sihhh,mungkin iri yhhh ngeliat karya sebagus ini

Selalu smangattt buattt kryaa ke giniiiii
GO INTERNATIONALL!!!!"
@DmZSan,Sudah 5 tahun aja ternyata
@najwanabila3684,"""kowe ra iso mlayu saka kesalahan ajining diri ana ing lathi : kamu ga bisa lari dari dari kesalahan, kehormatan diri ada di ucapan"" menurut ku pesan dri lagu lathi ini kita harus selalu menjaga ucapan/lisan agar tidak menghancurkan kehidupan seseorang atau diri sendiri. Salut lah sama weird genius suka bgt sama ni lagu >~< ya nama nya juga genius lah 
.
Btw itu g tau arti nya bener apa kagak :""v"
@marinaofficial213,Mana nih orang jawa
@liliksetiawan2482,"Kirain full Inggris ternyata ada Jawa nya




Orang Jawa mana nih"
@hendrasutikno3387,HAMPIR KAYAK FUNK
@SYAFTON,It just me or this gives me Enchantress from suicide squad vibes.
@hidabc,"Kelak  ditahun 2030 masih ada yang komen

""Yang masih nonton 30 februari 2030 like""

Mlzzz"
@bayurifqie_hp285,Jawa tengah like
@LuriBuotigue,lagu indonesia paling keren gue denger
@luwakwhitecoffe7098,"Yang gak like parah, bagus banget, dan yang gak suka?kenapa gak suka bagus kek gini kok gak suka?hadeuhhh pokoknya good bagus banget deh"
@zuko.7039,Siapa yang kira orang barat hayo
@faridaaprilia9080,SEBAGUS INI MASIH AJH ADA YANG DISLIKE HERAN GUA SAMA STANDARISASI KEBAGUSAN MEREKA
@Ato12Z,What an amazing video and song!!!
@janherdijk,"Jawa Timur endi suarane!!

(edit) yo ngono rek JATIM seng akur lurr!"
@campur-campur5201,"Anjir,,,Giliran lagu nya si, KEKEY BOKAN BONEKA. trending nya sampe keluar angkasa, tapi kalo ini cumah di bilang ghaib atau gimanalah, padahal ini karya luar biasa gaess +62.parah dah"
@lyubo_stan,"Who came here after Tristan reacted to this?
.
.
.
.
I am not Russian"
@HakimAbdul-1q8g,Masih dengerin sampe sekarang
@srizulhifani6364,"Kesel bat dibilang ngundang setan...
Jelas2 lirik2nya inggris gaada kaitan dg setan...umahku nang sanding segoro kidul apa arep diomong kancanan karo setan juga??"
@deejay.trader,Ghosts are unreal. The only thing they should afraid of is me.
@rohenisulistyaningsih,Lagu gabungan inggris jawa ini bagus banget apa lagi yang bagian kowe iso mlayu beuhhh apalagi
@lyn_cutie1890,Gila kok bisa lagunya keren banget
@nerisaismayanti5424,udah 5 tahun berlalu
@stayhalal-u8r,I'm from Indonesian in Java
@arahbola6452,2020 overpower bgt nh lagu
@Maulana-e5j,Disaat nanti saat kau sudah mengerti kau tak akan ku lepaskan
@rzersx,5 years ago
@NabilahShafwa,Kerreeen pooollll
@masmboyz6375,Gokil masih saya dengar di tahun 2025
@DANCE-g2q,Wow
@lianlyn0880,Muncul lagi setelah 5 tahun
@Lehayo-s,Lagu ini viral banget sampe keluar negeri  bagus banget
@friskaaputri-h8z,Oktober 2025... Anyone?
@PakDe-d8d2q,Kpla pcah
@MickvodkaGoodgame,"Kehormatan diri seseorang ada di lisannya.
Seseorang bisa dinilai dari lisannya dalam berkata atapun janji.."
@Arvelbejebu,1:03 this is so dang bro W song and W Indonesian
@kesehanan,gokil bangatsss
@natashavy,lagu Inggris X jawa terenak
@JKT48_fans-48f,Nostalgia
@christinedesyliana,"Jayalah Musik & Lagu Indonesia 
Apalagi jika ada unsur alat musik dan seni tari dari Indonesia.
Lestarilah Budaya Indonesia."
@buncisproject8502,2025 masih keren aja
@PR3TTY_L3XX4,Bestt nyyyeee
@RiskiyahwulandariMuhamad-q1y,Wayang kulit mbiyen
@JuanFelix-m2l,"saya latihan Smahpore pakai lagu ini, terimakasih atas ciptaan nya Weird"
@HazleyLinkafarasya,"151 JT sekrng ,dari nonton masih 800,sekarnag Balik Lagi"
@KNTNQ.F.C,"Sabtu, 11 oktober 2025 anyone?"
@cikalradianfajar2040,Yo this made indonesia
@AsfinaEva,Mantap
@LangitAbie,Kesini lagi di 2025. Emang Arap ini Genius sih.
@ROHMANPRODUCT,yg masih setia mendengarkan lagu lathi 4thn ini?
@enrisandi2872,cocok buat backsound nya Solo Leveling
@simpleSTAY0325,Minimal banget sebulan sekali mampir sini
@saputra911,Kembali lagi ke vidio keren ini.
@blueberrymahwaa,JAWA!
@NurRiyah-t8j,Akhirnyaa lagu yang ku tunggu tunggu ktemuuu
@rifqinouval155,Oktober 2025 !!!
@BiakBuaya,"Jrng lagu di indonesia make bahasa inggris, dan akhirnya cuma 1 lathi yg ku liat/dengar"
@vals332,still gimme goosebumps
@adamatturab388,Akting dia di film horor selalu bagus
@Rm36-Production,So good
@E-KinerjaBKNSatpolPPBanyumas,legends
@Ripzzzedity,"gamelan = 999+ aura
edm = 666+ aura

edm + gamelan = merasa kesurupan njir"
@SitiAnissa-d2g,Lagu ini sampe jadi mata pelajaran disekolah ku bener bener mendunia sih ni lagu
@romanhaloho2702,"keren, top. 
maju terus seni Indonesia"
@shangrawn,dah 2025 tetep aja masih suka dengerin
@lovelygirl-d6o,Ini dia yang ku cari
@mastahganz6718,The Best
@RedStoneCraftGG,"2 possible remix:

Lathi x Polumnia Omnia
Lathi x Deltarune - Black Knife"
@deddyharyadi4228,Ga bosan masih dengerin lathi ditahun 2025
@UmniyyahHasanah,"pliss, kangen masa masanya"
@JLMvision,saya bahkan tidak tahu kalo ini juga termasuk karya dari Reza arab weird genius
@hjsuwarti2173,Melody.
@MeldaMayor02,Okt 2025?
@sanmoln,AMHUV!!!!
@pawitsulistiyono8912,Tidak terasa Sudah 5 Tahun berlalu sekarang Agustus 2025 play ini pagi
@Fairyislikeunicorn,This song is my anthems
@Kanzza97,There is an Indonesian wayang culture
@pik4._luvr,kangen sama era ini pls...
@wayandiana299,Thanks weird…you are so genious
@santriembonganofficial,Yes
@novanacw,Ini Sangat keren memadukan bahasa inggris  dan bahasa jawa
@XpressPCRepair,What a beautiful tune
@Zharalyn,Anyone here in August 2025?
@Pinta-m1m,Wow this music is so good!!!!
@kazekage472,"Gk terasa 5 tahun berlalu awal lagu ini release, bener² booming awal release live lagu ini. Sekarang dah tua aja"
@HadiSukarto-c9l,Wow amazing me from Indonesia jawa
@ismilestari2324,kesini karna habis lihat film para betina pengikut iblis
@Semoga_berhasil2112,
@AdiRahman-r6t,"Februari 2025 menjelang puasa, mengingat bulan puasa 2021 masa pandemi"
@adfishftnaaa6361,"""LATHI"" loveeee yooo Sara Fajiraaa and all people of Lathi and Weird Genius"
@RianaRudy,Gw yg nonton inin di tahun 2025
@abhadewi,hayolo siapa kgn vibes dirumah aja
@azmanjemey3743,Berhantu smpai 2025
@wisaeofficial7713,josss
@fitrapratama4318,Inget saat aktifitas di bumi ini beristirahat untuk sejenak
@Abudp3naterli,Musik yang begitu jeniuuuus....kalian luaaaaar biasaaaa
@azkanazrielhamdani8868,Aku bangga dengan indonesia  🇲🇨🇲🇨🇲🇨🇲🇨🇲🇨
@UmiAtikah-jh8nh,Icikiwirrrr
@FaizIsmail-zo6xd,Tak kerasa sudah 5 tahun dari jaman pertama covid
@putrapratama6594,dari dulu selalu merindig kalau denger ni lagu GILAAAA KEREN BANGETT
@salsaPutri-y1v,Jawa jawa jawa jawa jawa
@Kheano,
@nurulamalia9492,kuuueren kebangetan
@riskifauziahafni6367,2025  masi sering putar
@adeirfanantonius7520,Lagu yg selalu bikin kangen tiap di dengernyaaa
@JatilawangH4J1-wx7uf,Bagus
@AgusSalim-ri4oj,Ini lagu gila sih. Setiap kali dengar pasti merinding.
@robbysiahaan5712,satu kata buat lagu ini gaess.. neng kene wes neng kono..
@Batrisyia_Gion_draw,I love this song
@rizqiirawan7991,nonton di 2025 ada?
@Tonysuna,baru dengar ... seperti yg aku impikan perpaduan yg traditional top top
@AvrilAuliyaazzahra,wow
@rahmaputri4758,"kembali setelah 5 tahun ...
2025"
@MemeiiAuroraa,2025
@FujiZeazefanya,Gak terasa udah 5 thun yg lalu. Ceoatnua waktu berlalu
@Aulia_hikmah,Kesini gara-gara abis nonton chit chat  yang ngundang kak sara fajira
@dericoramadhany7679,Is awesome
@susanpereyeibo7576,"Imperfections are really perfect, changes are inevitable"
@AndikaAja-zb7xn,
@abuRochmant,Kesini gara gara fyp tiktok dewi persik nyanyi lagu lathi
@CreatorMusic-UJ,Nice song
@AgungKun-f1i,"Keinget masa masa covid, di mana seluruh dunia ber istirahat"
@kucingyuraha9669,Blm move on from this song. Selalu merinding setiap  masuk ke gamelan nyanyian jawa
@tela321,keren
@MamaIfa-b3m,Semangattt Kakak!!
@zahransyavifadillah2544,
@putripermatasari5969,Keren keren keren
@cynn225,Keren bgtt
@Mericagoreng123,WOW!
